date,value
1,2003
2,1930
3,1876
4,1872
5,1824
6,1817
7,1809
8,1798
9,1789
10,1786
11,1783
12,1777
13,1770
14,1768
15,1752
16,1750
17,1744
18,1744
19,1738
20,1737
21,1732
22,1720
23,1708
24,1707
25,1704
26,1692
27,1689
28,1686
29,1678
30,1677
31,1673
32,1669
33,1668
34,1664
35,1663
36,1663
37,1663
38,1662
39,1654
40,1654
41,1646
42,1640
43,1639
44,1639
45,1638
46,1635
47,1634
48,1634
49,1632
50,1632
51,1631
52,1630
53,1625
54,1622
55,1619
56,1618
57,1612
58,1610
59,1609
60,1609
61,1604
62,1604
63,1603
64,1603
65,1599
66,1597
67,1596
68,1595
69,1588
70,1583
71,1583
72,1581
73,1580
74,1579
75,1579
76,1579
77,1578
78,1577
79,1577
80,1574
81,1572
82,1572
83,1569
84,1567
85,1567
86,1566
87,1565
88,1564
89,1564
90,1564
91,1559
92,1556
93,1554
94,1554
95,1551
96,1548
97,1548
98,1545
99,1543
100,1538
101,1536
102,1535
103,1534
104,1533
105,1532
106,1529
107,1527
108,1522
109,1521
110,1521
111,1517
112,1517
113,1517
114,1512
115,1512
116,1512
117,1510
118,1509
119,1509
120,1506
121,1506
122,1503
123,1503
124,1502
125,1502
126,1501
127,1501
128,1499
129,1499
130,1496
131,1496
132,1495
133,1493
134,1492
135,1492
136,1491
137,1490
138,1489
139,1486
140,1483
141,1482
142,1482
143,1481
144,1480
145,1478
146,1478
147,1475
148,1471
149,1471
150,1470
151,1469
152,1468
153,1468
154,1465
155,1464
156,1464
157,1464
158,1460
159,1457
160,1457
161,1456
162,1455
163,1454
164,1451
165,1450
166,1450
167,1450
168,1450
169,1449
170,1447
171,1445
172,1444
173,1444
174,1444
175,1441
176,1438
177,1437
178,1436
179,1435
180,1434
181,1431
182,1426
183,1426
184,1426
185,1425
186,1424
187,1423
188,1423
189,1422
190,1422
191,1422
192,1421
193,1421
194,1420
195,1418
196,1418
197,1417
198,1414
199,1414
200,1413
201,1412
202,1411
203,1410
204,1408
205,1408
206,1407
207,1406
208,1406
209,1406
210,1404
211,1403
212,1403
213,1402
214,1401
215,1401
216,1400
217,1399
218,1398
219,1398
220,1397
221,1397
222,1396
223,1395
224,1395
225,1395
226,1394
227,1393
228,1393
229,1393
230,1393
231,1392
232,1392
233,1392
234,1392
235,1390
236,1390
237,1389
238,1389
239,1389
240,1388
241,1388
242,1387
243,1387
244,1386
245,1384
246,1383
247,1382
248,1382
249,1381
250,1379
251,1379
252,1375
253,1375
254,1374
255,1373
256,1372
257,1372
258,1372
259,1372
260,1370
261,1370
262,1370
263,1370
264,1368
265,1368
266,1368
267,1367
268,1367
269,1367
270,1366
271,1366
272,1366
273,1365
274,1364
275,1364
276,1363
277,1362
278,1362
279,1361
280,1361
281,1361
282,1361
283,1360
284,1360
285,1359
286,1356
287,1356
288,1356
289,1356
290,1356
291,1354
292,1354
293,1353
294,1352
295,1351
296,1347
297,1346
298,1345
299,1344
300,1344
301,1344
302,1344
303,1343
304,1343
305,1343
306,1343
307,1342
308,1341
309,1340
310,1338
311,1338
312,1338
313,1338
314,1337
315,1337
316,1336
317,1336
318,1335
319,1335
320,1335
321,1334
322,1333
323,1333
324,1332
325,1332
326,1332
327,1332
328,1331
329,1331
330,1331
331,1330
332,1330
333,1329
334,1328
335,1328
336,1326
337,1326
338,1326
339,1325
340,1324
341,1324
342,1324
343,1323
344,1320
345,1319
346,1317
347,1317
348,1317
349,1317
350,1316
351,1316
352,1315
353,1315
354,1315
355,1314
356,1313
357,1313
358,1313
359,1312
360,1312
361,1312
362,1312
363,1312
364,1311
365,1311
366,1310
367,1310
368,1309
369,1309
370,1309
371,1308
372,1308
373,1307
374,1307
375,1306
376,1306
377,1305
378,1305
379,1305
380,1304
381,1303
382,1302
383,1300
384,1300
385,1299
386,1299
387,1298
388,1298
389,1297
390,1297
391,1296
392,1296
393,1296
394,1296
395,1295
396,1295
397,1295
398,1295
399,1294
400,1293
401,1293
402,1293
403,1292
404,1292
405,1291
406,1290
407,1289
408,1289
409,1289
410,1289
411,1288
412,1288
413,1287
414,1287
415,1287
416,1286
417,1285
418,1284
419,1284
420,1284
421,1284
422,1283
423,1283
424,1283
425,1283
426,1281
427,1280
428,1280
429,1280
430,1279
431,1278
432,1277
433,1277
434,1276
435,1276
436,1275
437,1274
438,1274
439,1273
440,1272
441,1272
442,1272
443,1270
444,1269
445,1269
446,1268
447,1268
448,1267
449,1267
450,1267
451,1266
452,1266
453,1266
454,1266
455,1265
456,1264
457,1264
458,1264
459,1263
460,1261
461,1261
462,1261
463,1261
464,1260
465,1259
466,1259
467,1259
468,1258
469,1258
470,1256
471,1255
472,1255
473,1255
474,1255
475,1254
476,1254
477,1254
478,1254
479,1253
480,1253
481,1253
482,1253
483,1251
484,1251
485,1251
486,1251
487,1250
488,1250
489,1249
490,1249
491,1249
492,1247
493,1247
494,1246
495,1246
496,1245
497,1244
498,1244
499,1244
500,1243
501,1243
502,1243
503,1243
504,1243
505,1242
506,1241
507,1239
508,1237
509,1237
510,1237
511,1236
512,1236
513,1235
514,1235
515,1235
516,1235
517,1234
518,1234
519,1234
520,1234
521,1234
522,1234
523,1233
524,1233
525,1233
526,1233
527,1232
528,1230
529,1230
530,1230
531,1229
532,1227
533,1227
534,1226
535,1226
536,1226
537,1226
538,1225
539,1225
540,1225
541,1225
542,1225
543,1224
544,1224
545,1223
546,1223
547,1223
548,1223
549,1223
550,1222
551,1222
552,1222
553,1222
554,1221
555,1221
556,1221
557,1220
558,1220
559,1220
560,1220
561,1219
562,1219
563,1219
564,1218
565,1218
566,1217
567,1217
568,1216
569,1216
570,1215
571,1214
572,1214
573,1214
574,1213
575,1213
576,1212
577,1212
578,1212
579,1211
580,1211
581,1210
582,1210
583,1210
584,1209
585,1209
586,1209
587,1209
588,1209
589,1207
590,1207
591,1207
592,1206
593,1205
594,1205
595,1204
596,1204
597,1203
598,1203
599,1202
600,1202
601,1201
602,1201
603,1201
604,1200
605,1199
606,1199
607,1199
608,1198
609,1198
610,1198
611,1197
612,1197
613,1196
614,1196
615,1196
616,1195
617,1195
618,1195
619,1193
620,1193
621,1193
622,1193
623,1193
624,1193
625,1192
626,1192
627,1191
628,1191
629,1191
630,1191
631,1189
632,1189
633,1189
634,1188
635,1188
636,1188
637,1188
638,1188
639,1187
640,1187
641,1187
642,1187
643,1187
644,1186
645,1186
646,1186
647,1186
648,1185
649,1185
650,1184
651,1184
652,1184
653,1184
654,1184
655,1184
656,1184
657,1183
658,1182
659,1182
660,1182
661,1182
662,1182
663,1181
664,1181
665,1181
666,1181
667,1180
668,1180
669,1180
670,1180
671,1179
672,1177
673,1177
674,1177
675,1177
676,1176
677,1176
678,1176
679,1176
680,1176
681,1175
682,1174
683,1174
684,1174
685,1174
686,1174
687,1174
688,1173
689,1173
690,1173
691,1172
692,1172
693,1172
694,1171
695,1171
696,1171
697,1170
698,1170
699,1170
700,1170
701,1169
702,1169
703,1169
704,1169
705,1168
706,1168
707,1168
708,1167
709,1167
710,1167
711,1167
712,1167
713,1167
714,1166
715,1166
716,1165
717,1165
718,1165
719,1165
720,1165
721,1164
722,1163
723,1163
724,1163
725,1162
726,1162
727,1161
728,1161
729,1161
730,1161
731,1161
732,1161
733,1161
734,1161
735,1161
736,1161
737,1160
738,1160
739,1160
740,1160
741,1160
742,1160
743,1159
744,1159
745,1159
746,1159
747,1159
748,1157
749,1156
750,1156
751,1156
752,1156
753,1156
754,1155
755,1155
756,1155
757,1155
758,1155
759,1155
760,1153
761,1153
762,1153
763,1152
764,1151
765,1151
766,1151
767,1151
768,1151
769,1150
770,1150
771,1150
772,1150
773,1150
774,1150
775,1149
776,1149
777,1149
778,1148
779,1148
780,1148
781,1148
782,1148
783,1148
784,1147
785,1147
786,1147
787,1147
788,1147
789,1146
790,1146
791,1146
792,1146
793,1145
794,1145
795,1145
796,1144
797,1144
798,1144
799,1144
800,1143
801,1143
802,1142
803,1142
804,1142
805,1142
806,1142
807,1141
808,1141
809,1141
810,1141
811,1141
812,1140
813,1140
814,1140
815,1139
816,1139
817,1138
818,1137
819,1137
820,1136
821,1136
822,1136
823,1136
824,1135
825,1135
826,1135
827,1134
828,1134
829,1134
830,1134
831,1134
832,1134
833,1134
834,1134
835,1134
836,1134
837,1133
838,1133
839,1132
840,1132
841,1132
842,1131
843,1131
844,1131
845,1131
846,1131
847,1130
848,1130
849,1130
850,1130
851,1129
852,1129
853,1128
854,1128
855,1128
856,1128
857,1128
858,1127
859,1127
860,1127
861,1127
862,1127
863,1127
864,1127
865,1126
866,1126
867,1126
868,1126
869,1125
870,1125
871,1125
872,1125
873,1125
874,1125
875,1124
876,1124
877,1124
878,1124
879,1123
880,1123
881,1123
882,1123
883,1123
884,1122
885,1122
886,1122
887,1121
888,1121
889,1120
890,1120
891,1120
892,1120
893,1120
894,1120
895,1119
896,1119
897,1119
898,1118
899,1118
900,1118
901,1117
902,1117
903,1117
904,1117
905,1117
906,1117
907,1117
908,1116
909,1116
910,1116
911,1116
912,1116
913,1116
914,1115
915,1115
916,1115
917,1115
918,1115
919,1114
920,1114
921,1114
922,1113
923,1113
924,1113
925,1113
926,1112
927,1112
928,1112
929,1112
930,1112
931,1111
932,1110
933,1110
934,1110
935,1110
936,1110
937,1109
938,1109
939,1109
940,1108
941,1108
942,1108
943,1108
944,1108
945,1108
946,1108
947,1108
948,1107
949,1107
950,1106
951,1106
952,1106
953,1106
954,1106
955,1106
956,1106
957,1106
958,1105
959,1105
960,1105
961,1105
962,1105
963,1104
964,1104
965,1103
966,1103
967,1103
968,1103
969,1103
970,1103
971,1103
972,1103
973,1103
974,1102
975,1102
976,1102
977,1102
978,1101
979,1101
980,1101
981,1101
982,1101
983,1101
984,1101
985,1101
986,1100
987,1100
988,1100
989,1100
990,1099
991,1099
992,1099
993,1099
994,1099
995,1099
996,1099
997,1098
998,1098
999,1098
1000,1098
1001,1097
1002,1097
1003,1097
1004,1096
1005,1096
1006,1096
1007,1096
1008,1096
1009,1095
1010,1095
1011,1095
1012,1094
1013,1094
1014,1094
1015,1093
1016,1093
1017,1093
1018,1093
1019,1093
1020,1093
1021,1093
1022,1092
1023,1092
1024,1092
1025,1092
1026,1092
1027,1091
1028,1091
1029,1091
1030,1091
1031,1091
1032,1091
1033,1091
1034,1090
1035,1090
1036,1090
1037,1090
1038,1090
1039,1089
1040,1089
1041,1088
1042,1087
1043,1087
1044,1087
1045,1086
1046,1086
1047,1086
1048,1086
1049,1085
1050,1085
1051,1085
1052,1084
1053,1084
1054,1084
1055,1084
1056,1084
1057,1083
1058,1083
1059,1083
1060,1083
1061,1082
1062,1082
1063,1082
1064,1082
1065,1082
1066,1082
1067,1081
1068,1081
1069,1081
1070,1081
1071,1080
1072,1080
1073,1080
1074,1080
1075,1080
1076,1080
1077,1079
1078,1079
1079,1078
1080,1078
1081,1078
1082,1078
1083,1078
1084,1078
1085,1078
1086,1077
1087,1077
1088,1077
1089,1077
1090,1077
1091,1076
1092,1076
1093,1076
1094,1076
1095,1076
1096,1075
1097,1075
1098,1074
1099,1074
1100,1074
1101,1073
1102,1073
1103,1073
1104,1072
1105,1072
1106,1072
1107,1072
1108,1072
1109,1072
1110,1071
1111,1071
1112,1071
1113,1071
1114,1071
1115,1071
1116,1071
1117,1071
1118,1070
1119,1070
1120,1069
1121,1069
1122,1069
1123,1069
1124,1068
1125,1068
1126,1068
1127,1067
1128,1067
1129,1067
1130,1066
1131,1066
1132,1066
1133,1066
1134,1066
1135,1066
1136,1066
1137,1066
1138,1066
1139,1066
1140,1065
1141,1065
1142,1064
1143,1064
1144,1064
1145,1063
1146,1063
1147,1063
1148,1063
1149,1062
1150,1062
1151,1062
1152,1062
1153,1061
1154,1061
1155,1061
1156,1061
1157,1060
1158,1060
1159,1060
1160,1060
1161,1060
1162,1059
1163,1059
1164,1059
1165,1059
1166,1059
1167,1059
1168,1059
1169,1058
1170,1058
1171,1058
1172,1057
1173,1057
1174,1057
1175,1057
1176,1057
1177,1056
1178,1056
1179,1055
1180,1055
1181,1055
1182,1055
1183,1055
1184,1055
1185,1055
1186,1054
1187,1054
1188,1054
1189,1053
1190,1053
1191,1053
1192,1053
1193,1053
1194,1053
1195,1053
1196,1053
1197,1052
1198,1052
1199,1052
1200,1052
1201,1052
1202,1051
1203,1051
1204,1051
1205,1051
1206,1050
1207,1050
1208,1050
1209,1050
1210,1050
1211,1050
1212,1049
1213,1049
1214,1049
1215,1049
1216,1049
1217,1049
1218,1048
1219,1048
1220,1048
1221,1048
1222,1048
1223,1048
1224,1047
1225,1047
1226,1047
1227,1047
1228,1047
1229,1047
1230,1047
1231,1047
1232,1046
1233,1046
1234,1046
1235,1046
1236,1046
1237,1046
1238,1045
1239,1045
1240,1045
1241,1045
1242,1045
1243,1045
1244,1045
1245,1044
1246,1044
1247,1043
1248,1043
1249,1043
1250,1043
1251,1043
1252,1043
1253,1042
1254,1041
1255,1041
1256,1041
1257,1041
1258,1041
1259,1041
1260,1041
1261,1041
1262,1040
1263,1040
1264,1040
1265,1040
1266,1040
1267,1039
1268,1039
1269,1039
1270,1039
1271,1039
1272,1039
1273,1039
1274,1039
1275,1038
1276,1038
1277,1038
1278,1038
1279,1038
1280,1037
1281,1037
1282,1037
1283,1037
1284,1036
1285,1036
1286,1036
1287,1036
1288,1035
1289,1035
1290,1035
1291,1035
1292,1035
1293,1035
1294,1035
1295,1034
1296,1034
1297,1034
1298,1034
1299,1033
1300,1033
1301,1033
1302,1033
1303,1033
1304,1032
1305,1032
1306,1032
1307,1032
1308,1032
1309,1031
1310,1031
1311,1031
1312,1031
1313,1031
1314,1031
1315,1031
1316,1031
1317,1031
1318,1031
1319,1031
1320,1030
1321,1030
1322,1030
1323,1030
1324,1030
1325,1030
1326,1030
1327,1029
1328,1029
1329,1028
1330,1028
1331,1028
1332,1028
1333,1028
1334,1028
1335,1027
1336,1027
1337,1027
1338,1027
1339,1027
1340,1027
1341,1027
1342,1026
1343,1026
1344,1026
1345,1026
1346,1026
1347,1024
1348,1024
1349,1024
1350,1024
1351,1024
1352,1024
1353,1024
1354,1024
1355,1023
1356,1023
1357,1023
1358,1023
1359,1023
1360,1023
1361,1023
1362,1023
1363,1022
1364,1022
1365,1022
1366,1021
1367,1021
1368,1021
1369,1020
1370,1020
1371,1020
1372,1020
1373,1020
1374,1020
1375,1019
1376,1019
1377,1019
1378,1019
1379,1019
1380,1019
1381,1019
1382,1019
1383,1019
1384,1019
1385,1019
1386,1018
1387,1017
1388,1017
1389,1016
1390,1016
1391,1016
1392,1015
1393,1015
1394,1015
1395,1015
1396,1014
1397,1014
1398,1014
1399,1014
1400,1013
1401,1013
1402,1013
1403,1013
1404,1013
1405,1013
1406,1012
1407,1012
1408,1012
1409,1012
1410,1012
1411,1012
1412,1011
1413,1011
1414,1011
1415,1011
1416,1011
1417,1011
1418,1011
1419,1010
1420,1010
1421,1010
1422,1010
1423,1010
1424,1009
1425,1009
1426,1009
1427,1009
1428,1008
1429,1008
1430,1008
1431,1008
1432,1008
1433,1007
1434,1007
1435,1007
1436,1007
1437,1007
1438,1007
1439,1007
1440,1006
1441,1006
1442,1006
1443,1005
1444,1004
1445,1004
1446,1004
1447,1004
1448,1003
1449,1003
1450,1003
1451,1003
1452,1002
1453,1002
1454,1002
1455,1002
1456,1001
1457,1001
1458,1001
1459,1001
1460,1000
1461,1000
1462,1000
1463,1000
1464,999
1465,999
1466,999
1467,999
1468,999
1469,999
1470,999
1471,999
1472,998
1473,998
1474,998
1475,998
1476,998
1477,998
1478,998
1479,997
1480,997
1481,997
1482,996
1483,996
1484,996
1485,996
1486,996
1487,996
1488,995
1489,995
1490,995
1491,995
1492,994
1493,994
1494,994
1495,994
1496,994
1497,994
1498,994
1499,993
1500,993
1501,993
1502,992
1503,992
1504,992
1505,992
1506,992
1507,991
1508,991
1509,991
1510,991
1511,991
1512,991
1513,990
1514,990
1515,990
1516,990
1517,989
1518,989
1519,989
1520,989
1521,988
1522,988
1523,988
1524,988
1525,988
1526,988
1527,987
1528,987
1529,987
1530,987
1531,986
1532,986
1533,986
1534,986
1535,985
1536,985
1537,985
1538,985
1539,985
1540,985
1541,985
1542,984
1543,984
1544,984
1545,984
1546,984
1547,984
1548,984
1549,984
1550,983
1551,983
1552,983
1553,983
1554,983
1555,982
1556,982
1557,982
1558,982
1559,982
1560,981
1561,981
1562,981
1563,981
1564,981
1565,981
1566,980
1567,980
1568,980
1569,980
1570,980
1571,980
1572,979
1573,979
1574,979
1575,979
1576,979
1577,979
1578,979
1579,979
1580,979
1581,978
1582,978
1583,978
1584,978
1585,978
1586,978
1587,978
1588,977
1589,977
1590,977
1591,977
1592,977
1593,977
1594,977
1595,977
1596,977
1597,976
1598,976
1599,976
1600,976
1601,976
1602,976
1603,975
1604,975
1605,975
1606,975
1607,975
1608,975
1609,974
1610,974
1611,974
1612,974
1613,974
1614,973
1615,973
1616,973
1617,973
1618,973
1619,973
1620,973
1621,973
1622,973
1623,973
1624,973
1625,972
1626,972
1627,972
1628,971
1629,971
1630,971
1631,971
1632,971
1633,970
1634,970
1635,970
1636,970
1637,970
1638,970
1639,970
1640,969
1641,969
1642,969
1643,969
1644,969
1645,969
1646,969
1647,968
1648,968
1649,968
1650,968
1651,968
1652,968
1653,968
1654,967
1655,967
1656,967
1657,967
1658,967
1659,967
1660,967
1661,967
1662,967
1663,967
1664,966
1665,966
1666,966
1667,966
1668,966
1669,966
1670,965
1671,965
1672,965
1673,965
1674,965
1675,965
1676,965
1677,965
1678,965
1679,964
1680,964
1681,964
1682,964
1683,963
1684,963
1685,963
1686,962
1687,962
1688,962
1689,962
1690,962
1691,962
1692,961
1693,961
1694,961
1695,961
1696,961
1697,961
1698,961
1699,961
1700,960
1701,960
1702,960
1703,960
1704,960
1705,960
1706,960
1707,959
1708,959
1709,959
1710,959
1711,959
1712,958
1713,958
1714,957
1715,957
1716,957
1717,957
1718,957
1719,957
1720,956
1721,956
1722,956
1723,956
1724,955
1725,955
1726,955
1727,955
1728,955
1729,955
1730,955
1731,954
1732,954
1733,954
1734,954
1735,954
1736,954
1737,953
1738,953
1739,953
1740,953
1741,953
1742,953
1743,953
1744,953
1745,952
1746,952
1747,952
1748,952
1749,951
1750,951
1751,951
1752,951
1753,951
1754,951
1755,950
1756,950
1757,950
1758,950
1759,950
1760,950
1761,949
1762,949
1763,949
1764,949
1765,949
1766,949
1767,949
1768,949
1769,948
1770,948
1771,948
1772,948
1773,948
1774,947
1775,947
1776,946
1777,946
1778,946
1779,946
1780,946
1781,945
1782,945
1783,945
1784,945
1785,945
1786,944
1787,944
1788,944
1789,944
1790,944
1791,943
1792,943
1793,943
1794,943
1795,942
1796,942
1797,942
1798,942
1799,942
1800,942
1801,942
1802,941
1803,941
1804,941
1805,941
1806,940
1807,940
1808,940
1809,940
1810,940
1811,940
1812,939
1813,939
1814,939
1815,939
1816,939
1817,938
1818,938
1819,938
1820,938
1821,938
1822,938
1823,938
1824,937
1825,937
1826,937
1827,937
1828,936
1829,936
1830,936
1831,935
1832,935
1833,935
1834,935
1835,935
1836,935
1837,935
1838,935
1839,934
1840,934
1841,934
1842,934
1843,933
1844,933
1845,933
1846,933
1847,933
1848,933
1849,933
1850,933
1851,932
1852,932
1853,932
1854,931
1855,931
1856,931
1857,930
1858,930
1859,930
1860,930
1861,930
1862,930
1863,929
1864,929
1865,929
1866,929
1867,929
1868,929
1869,928
1870,928
1871,928
1872,928
1873,928
1874,928
1875,927
1876,927
1877,927
1878,927
1879,927
1880,927
1881,927
1882,927
1883,926
1884,926
1885,926
1886,925
1887,925
1888,925
1889,925
1890,924
1891,924
1892,924
1893,924
1894,924
1895,924
1896,924
1897,924
1898,924
1899,923
1900,923
1901,923
1902,923
1903,923
1904,923
1905,923
1906,923
1907,922
1908,922
1909,922
1910,922
1911,922
1912,922
1913,922
1914,921
1915,921
1916,921
1917,921
1918,920
1919,920
1920,920
1921,920
1922,919
1923,919
1924,919
1925,919
1926,919
1927,919
1928,918
1929,918
1930,917
1931,917
1932,917
1933,917
1934,917
1935,917
1936,917
1937,917
1938,917
1939,916
1940,916
1941,916
1942,916
1943,916
1944,916
1945,915
1946,915
1947,915
1948,915
1949,915
1950,915
1951,915
1952,915
1953,915
1954,914
1955,914
1956,914
1957,914
1958,914
1959,914
1960,913
1961,913
1962,913
1963,913
1964,913
1965,913
1966,913
1967,913
1968,912
1969,912
1970,912
1971,912
1972,912
1973,912
1974,911
1975,911
1976,911
1977,911
1978,910
1979,910
1980,910
1981,910
1982,910
1983,910
1984,910
1985,910
1986,909
1987,909
1988,909
1989,909
1990,909
1991,909
1992,909
1993,908
1994,908
1995,908
1996,908
1997,907
1998,907
1999,907
2000,907
2001,907
2002,907
2003,906
2004,906
2005,906
2006,906
2007,906
2008,906
2009,906
2010,906
2011,905
2012,905
2013,905
2014,905
2015,905
2016,904
2017,904
2018,904
2019,904
2020,903
2021,903
2022,903
2023,903
2024,903
2025,903
2026,903
2027,903
2028,902
2029,902
2030,902
2031,902
2032,901
2033,901
2034,901
2035,901
2036,901
2037,901
2038,901
2039,900
2040,900
2041,900
2042,900
2043,900
2044,900
2045,899
2046,899
2047,899
2048,899
2049,899
2050,899
2051,899
2052,898
2053,898
2054,898
2055,898
2056,898
2057,898
2058,898
2059,898
2060,898
2061,897
2062,897
2063,897
2064,897
2065,897
2066,896
2067,896
2068,896
2069,896
2070,896
2071,896
2072,896
2073,896
2074,896
2075,896
2076,895
2077,895
2078,895
2079,895
2080,895
2081,894
2082,894
2083,894
2084,894
2085,894
2086,894
2087,894
2088,894
2089,893
2090,893
2091,893
2092,893
2093,893
2094,893
2095,893
2096,893
2097,892
2098,892
2099,892
2100,892
2101,891
2102,891
2103,891
2104,891
2105,891
2106,891
2107,890
2108,890
2109,889
2110,889
2111,889
2112,889
2113,889
2114,889
2115,889
2116,889
2117,889
2118,889
2119,889
2120,889
2121,889
2122,888
2123,888
2124,888
2125,888
2126,888
2127,888
2128,888
2129,888
2130,887
2131,887
2132,887
2133,887
2134,886
2135,886
2136,886
2137,886
2138,886
2139,886
2140,885
2141,885
2142,885
2143,885
2144,885
2145,885
2146,884
2147,884
2148,884
2149,884
2150,884
2151,884
2152,884
2153,884
2154,884
2155,883
2156,883
2157,883
2158,883
2159,882
2160,882
2161,881
2162,881
2163,881
2164,881
2165,881
2166,881
2167,880
2168,880
2169,880
2170,880
2171,880
2172,880
2173,879
2174,879
2175,879
2176,878
2177,878
2178,878
2179,878
2180,878
2181,878
2182,877
2183,877
2184,877
2185,877
2186,877
2187,876
2188,876
2189,876
2190,876
2191,876
2192,876
2193,876
2194,875
2195,875
2196,875
2197,875
2198,875
2199,875
2200,875
2201,874
2202,874
2203,874
2204,874
2205,873
2206,873
2207,873
2208,873
2209,872
2210,872
2211,872
2212,872
2213,872
2214,872
2215,872
2216,872
2217,871
2218,871
2219,871
2220,871
2221,871
2222,871
2223,871
2224,871
2225,871
2226,870
2227,870
2228,870
2229,870
2230,870
2231,870
2232,870
2233,870
2234,870
2235,869
2236,869
2237,869
2238,869
2239,868
2240,868
2241,868
2242,868
2243,868
2244,868
2245,868
2246,867
2247,867
2248,867
2249,866
2250,866
2251,866
2252,866
2253,866
2254,866
2255,866
2256,866
2257,866
2258,865
2259,865
2260,865
2261,865
2262,865
2263,865
2264,864
2265,864
2266,864
2267,863
2268,863
2269,863
2270,863
2271,863
2272,863
2273,862
2274,862
2275,862
2276,861
2277,861
2278,861
2279,861
2280,861
2281,861
2282,860
2283,860
2284,860
2285,860
2286,859
2287,859
2288,859
2289,859
2290,859
2291,858
2292,858
2293,858
2294,858
2295,858
2296,858
2297,857
2298,857
2299,857
2300,857
2301,857
2302,857
2303,856
2304,856
2305,856
2306,855
2307,855
2308,855
2309,855
2310,855
2311,853
2312,853
2313,853
2314,853
2315,853
2316,853
2317,853
2318,853
2319,853
2320,853
2321,852
2322,852
2323,852
2324,852
2325,852
2326,852
2327,851
2328,851
2329,851
2330,851
2331,851
2332,850
2333,850
2334,850
2335,850
2336,850
2337,850
2338,849
2339,849
2340,849
2341,849
2342,849
2343,849
2344,849
2345,849
2346,849
2347,848
2348,848
2349,848
2350,848
2351,848
2352,848
2353,847
2354,847
2355,847
2356,847
2357,847
2358,847
2359,847
2360,846
2361,846
2362,846
2363,846
2364,846
2365,846
2366,845
2367,845
2368,845
2369,845
2370,845
2371,845
2372,845
2373,845
2374,844
2375,844
2376,844
2377,844
2378,843
2379,843
2380,843
2381,843
2382,843
2383,842
2384,842
2385,841
2386,841
2387,841
2388,841
2389,841
2390,841
2391,841
2392,841
2393,840
2394,840
2395,840
2396,840
2397,840
2398,840
2399,840
2400,840
2401,840
2402,840
2403,840
2404,839
2405,839
2406,839
2407,839
2408,838
2409,838
2410,837
2411,837
2412,836
2413,836
2414,836
2415,836
2416,836
2417,836
2418,836
2419,836
2420,836
2421,836
2422,836
2423,835
2424,834
2425,834
2426,834
2427,834
2428,834
2429,834
2430,834
2431,834
2432,834
2433,834
2434,834
2435,833
2436,833
2437,833
2438,832
2439,832
2440,832
2441,832
2442,832
2443,832
2444,832
2445,832
2446,832
2447,831
2448,831
2449,831
2450,831
2451,831
2452,831
2453,831
2454,831
2455,831
2456,830
2457,830
2458,830
2459,830
2460,830
2461,830
2462,829
2463,829
2464,829
2465,829
2466,829
2467,829
2468,829
2469,828
2470,828
2471,828
2472,828
2473,828
2474,828
2475,828
2476,828
2477,828
2478,828
2479,828
2480,827
2481,827
2482,827
2483,827
2484,827
2485,827
2486,826
2487,826
2488,826
2489,826
2490,826
2491,826
2492,826
2493,825
2494,825
2495,825
2496,825
2497,825
2498,825
2499,825
2500,825
2501,825
2502,825
2503,825
2504,824
2505,824
2506,824
2507,824
2508,824
2509,824
2510,824
2511,824
2512,823
2513,823
2514,822
2515,822
2516,822
2517,822
2518,822
2519,821
2520,821
2521,821
2522,821
2523,821
2524,821
2525,820
2526,820
2527,820
2528,820
2529,820
2530,820
2531,819
2532,819
2533,819
2534,819
2535,819
2536,819
2537,818
2538,818
2539,817
2540,817
2541,817
2542,817
2543,817
2544,817
2545,817
2546,817
2547,816
2548,816
2549,816
2550,816
2551,816
2552,816
2553,816
2554,815
2555,815
2556,815
2557,815
2558,814
2559,814
2560,814
2561,814
2562,814
2563,813
2564,813
2565,813
2566,813
2567,813
2568,813
2569,813
2570,813
2571,813
2572,813
2573,812
2574,812
2575,812
2576,812
2577,812
2578,811
2579,811
2580,811
2581,811
2582,811
2583,810
2584,810
2585,810
2586,810
2587,810
2588,810
2589,810
2590,809
2591,809
2592,809
2593,809
2594,809
2595,809
2596,808
2597,808
2598,807
2599,807
2600,807
2601,806
2602,806
2603,806
2604,806
2605,806
2606,806
2607,805
2608,805
2609,805
2610,805
2611,805
2612,805
2613,805
2614,804
2615,804
2616,804
2617,804
2618,804
2619,804
2620,804
2621,804
2622,804
2623,804
2624,803
2625,803
2626,803
2627,803
2628,803
2629,803
2630,802
2631,802
2632,802
2633,802
2634,801
2635,801
2636,801
2637,801
2638,800
2639,800
2640,800
2641,800
2642,800
2643,799
2644,799
2645,799
2646,799
2647,799
2648,799
2649,799
2650,798
2651,798
2652,798
2653,798
2654,798
2655,797
2656,797
2657,797
2658,797
2659,797
2660,797
2661,796
2662,796
2663,796
2664,796
2665,796
2666,796
2667,796
2668,796
2669,796
2670,796
2671,796
2672,796
2673,796
2674,795
2675,795
2676,795
2677,795
2678,795
2679,795
2680,795
2681,795
2682,795
2683,794
2684,794
2685,794
2686,794
2687,794
2688,794
2689,794
2690,794
2691,794
2692,794
2693,793
2694,793
2695,793
2696,793
2697,792
2698,792
2699,792
2700,792
2701,792
2702,792
2703,792
2704,791
2705,791
2706,791
2707,791
2708,790
2709,790
2710,790
2711,790
2712,789
2713,789
2714,789
2715,789
2716,789
2717,788
2718,788
2719,788
2720,788
2721,788
2722,787
2723,787
2724,787
2725,787
2726,787
2727,787
2728,787
2729,787
2730,786
2731,786
2732,786
2733,785
2734,785
2735,785
2736,785
2737,785
2738,785
2739,784
2740,784
2741,784
2742,784
2743,784
2744,784
2745,784
2746,784
2747,784
2748,784
2749,784
2750,784
2751,783
2752,783
2753,783
2754,783
2755,782
2756,782
2757,782
2758,781
2759,781
2760,781
2761,781
2762,781
2763,781
2764,781
2765,781
2766,781
2767,780
2768,780
2769,780
2770,780
2771,779
2772,779
2773,779
2774,779
2775,779
2776,779
2777,779
2778,779
2779,779
2780,778
2781,778
2782,778
2783,778
2784,778
2785,778
2786,778
2787,778
2788,778
2789,778
2790,777
2791,777
2792,776
2793,776
2794,776
2795,776
2796,776
2797,776
2798,776
2799,776
2800,776
2801,776
2802,775
2803,775
2804,775
2805,775
2806,775
2807,775
2808,774
2809,774
2810,774
2811,774
2812,774
2813,774
2814,774
2815,773
2816,773
2817,772
2818,772
2819,772
2820,772
2821,772
2822,772
2823,772
2824,771
2825,771
2826,771
2827,771
2828,771
2829,771
2830,771
2831,771
2832,771
2833,771
2834,771
2835,770
2836,770
2837,770
2838,770
2839,770
2840,770
2841,770
2842,770
2843,770
2844,769
2845,769
2846,768
2847,768
2848,768
2849,768
2850,768
2851,767
2852,767
2853,767
2854,767
2855,767
2856,767
2857,767
2858,767
2859,766
2860,766
2861,766
2862,766
2863,766
2864,766
2865,766
2866,766
2867,766
2868,765
2869,765
2870,765
2871,765
2872,765
2873,764
2874,764
2875,764
2876,764
2877,764
2878,763
2879,763
2880,763
2881,763
2882,763
2883,763
2884,763
2885,763
2886,763
2887,763
2888,763
2889,763
2890,762
2891,762
2892,762
2893,762
2894,762
2895,762
2896,762
2897,762
2898,762
2899,762
2900,761
2901,761
2902,761
2903,761
2904,761
2905,761
2906,761
2907,761
2908,760
2909,760
2910,759
2911,759
2912,759
2913,759
2914,759
2915,759
2916,759
2917,759
2918,759
2919,758
2920,758
2921,757
2922,757
2923,757
2924,756
2925,756
2926,756
2927,756
2928,756
2929,756
2930,756
2931,756
2932,756
2933,755
2934,755
2935,755
2936,755
2937,755
2938,755
2939,755
2940,755
2941,754
2942,754
2943,754
2944,754
2945,754
2946,754
2947,753
2948,753
2949,753
2950,753
2951,753
2952,753
2953,752
2954,752
2955,752
2956,752
2957,751
2958,751
2959,751
2960,751
2961,751
2962,751
2963,750
2964,750
2965,750
2966,750
2967,749
2968,749
2969,749
2970,749
2971,749
2972,749
2973,749
2974,748
2975,748
2976,748
2977,748
2978,748
2979,748
2980,748
2981,748
2982,747
2983,747
2984,747
2985,747
2986,747
2987,747
2988,746
2989,746
2990,746
2991,746
2992,746
2993,746
2994,746
2995,745
2996,745
2997,745
2998,745
2999,745
3000,745
3001,745
3002,745
3003,744
3004,744
3005,744
3006,744
3007,744
3008,744
3009,744
3010,744
3011,744
3012,744
3013,744
3014,744
3015,744
3016,744
3017,744
3018,743
3019,743
3020,743
3021,743
3022,743
3023,743
3024,743
3025,742
3026,742
3027,742
3028,742
3029,742
3030,742
3031,742
3032,742
3033,741
3034,741
3035,741
3036,741
3037,740
3038,740
3039,740
3040,740
3041,740
3042,740
3043,740
3044,740
3045,739
3046,739
3047,739
3048,739
3049,739
3050,739
3051,739
3052,738
3053,738
3054,738
3055,738
3056,738
3057,738
3058,738
3059,738
3060,738
3061,737
3062,737
3063,737
3064,737
3065,736
3066,736
3067,736
3068,736
3069,736
3070,735
3071,735
3072,734
3073,734
3074,734
3075,733
3076,733
3077,733
3078,732
3079,732
3080,732
3081,732
3082,732
3083,732
3084,731
3085,731
3086,731
3087,731
3088,731
3089,731
3090,731
3091,730
3092,730
3093,730
3094,730
3095,730
3096,729
3097,729
3098,728
3099,728
3100,728
3101,728
3102,728
3103,728
3104,727
3105,727
3106,727
3107,727
3108,726
3109,726
3110,726
3111,726
3112,726
3113,725
3114,725
3115,725
3116,725
3117,724
3118,724
3119,724
3120,723
3121,723
3122,723
3123,723
3124,722
3125,722
3126,722
3127,722
3128,722
3129,721
3130,721
3131,721
3132,721
3133,721
3134,721
3135,720
3136,720
3137,720
3138,720
3139,720
3140,720
3141,719
3142,719
3143,719
3144,719
3145,719
3146,719
3147,719
3148,719
3149,719
3150,719
3151,719
3152,719
3153,718
3154,718
3155,718
3156,718
3157,717
3158,717
3159,717
3160,717
3161,717
3162,716
3163,716
3164,716
3165,716
3166,716
3167,716
3168,716
3169,715
3170,715
3171,715
3172,715
3173,715
3174,714
3175,714
3176,714
3177,714
3178,714
3179,714
3180,714
3181,714
3182,714
3183,714
3184,713
3185,713
3186,713
3187,713
3188,712
3189,712
3190,712
3191,712
3192,712
3193,711
3194,711
3195,711
3196,711
3197,711
3198,710
3199,710
3200,710
3201,710
3202,710
3203,710
3204,709
3205,709
3206,709
3207,709
3208,709
3209,709
3210,709
3211,709
3212,709
3213,708
3214,708
3215,708
3216,708
3217,708
3218,708
3219,707
3220,707
3221,707
3222,707
3223,707
3224,707
3225,706
3226,706
3227,706
3228,706
3229,706
3230,706
3231,705
3232,705
3233,705
3234,704
3235,704
3236,704
3237,704
3238,704
3239,704
3240,704
3241,703
3242,703
3243,703
3244,703
3245,703
3246,703
3247,703
3248,703
3249,703
3250,702
3251,702
3252,702
3253,702
3254,702
3255,702
3256,702
3257,702
3258,702
3259,702
3260,702
3261,702
3262,702
3263,702
3264,701
3265,701
3266,701
3267,701
3268,701
3269,701
3270,700
3271,700
3272,700
3273,700
3274,700
3275,700
3276,699
3277,699
3278,698
3279,698
3280,698
3281,698
3282,698
3283,697
3284,697
3285,697
3286,697
3287,696
3288,696
3289,696
3290,695
3291,695
3292,695
3293,695
3294,695
3295,694
3296,694
3297,694
3298,694
3299,694
3300,694
3301,694
3302,694
3303,694
3304,694
3305,693
3306,693
3307,693
3308,693
3309,692
3310,692
3311,692
3312,692
3313,692
3314,692
3315,692
3316,692
3317,692
3318,691
3319,691
3320,691
3321,691
3322,691
3323,691
3324,691
3325,691
3326,691
3327,690
3328,690
3329,690
3330,690
3331,690
3332,690
3333,690
3334,689
3335,689
3336,689
3337,688
3338,688
3339,688
3340,688
3341,688
3342,688
3343,687
3344,687
3345,687
3346,687
3347,686
3348,686
3349,686
3350,686
3351,686
3352,686
3353,686
3354,685
3355,685
3356,684
3357,684
3358,684
3359,684
3360,684
3361,683
3362,683
3363,683
3364,683
3365,683
3366,683
3367,682
3368,682
3369,682
3370,681
3371,681
3372,681
3373,681
3374,681
3375,681
3376,680
3377,680
3378,679
3379,678
3380,678
3381,678
3382,678
3383,678
3384,678
3385,678
3386,677
3387,677
3388,677
3389,677
3390,677
3391,677
3392,677
3393,677
3394,677
3395,676
3396,676
3397,676
3398,676
3399,676
3400,676
3401,675
3402,675
3403,675
3404,675
3405,675
3406,675
3407,674
3408,674
3409,674
3410,674
3411,673
3412,673
3413,672
3414,672
3415,672
3416,672
3417,672
3418,672
3419,672
3420,672
3421,672
3422,672
3423,672
3424,670
3425,670
3426,670
3427,670
3428,670
3429,669
3430,669
3431,669
3432,668
3433,668
3434,668
3435,668
3436,668
3437,668
3438,668
3439,668
3440,668
3441,668
3442,668
3443,668
3444,667
3445,667
3446,667
3447,667
3448,667
3449,667
3450,667
3451,667
3452,667
3453,667
3454,667
3455,666
3456,666
3457,666
3458,666
3459,666
3460,666
3461,665
3462,665
3463,665
3464,665
3465,665
3466,665
3467,664
3468,664
3469,664
3470,664
3471,664
3472,663
3473,663
3474,663
3475,663
3476,663
3477,663
3478,662
3479,662
3480,662
3481,662
3482,662
3483,662
3484,662
3485,661
3486,661
3487,661
3488,661
3489,661
3490,660
3491,660
3492,660
3493,660
3494,660
3495,659
3496,659
3497,659
3498,659
3499,658
3500,658
3501,658
3502,658
3503,657
3504,657
3505,657
3506,657
3507,657
3508,657
3509,657
3510,656
3511,656
3512,656
3513,656
3514,656
3515,656
3516,655
3517,655
3518,655
3519,655
3520,655
3521,654
3522,654
3523,654
3524,654
3525,654
3526,653
3527,653
3528,653
3529,653
3530,653
3531,653
3532,653
3533,653
3534,653
3535,653
3536,652
3537,652
3538,652
3539,652
3540,652
3541,652
3542,652
3543,652
3544,652
3545,652
3546,652
3547,651
3548,651
3549,651
3550,651
3551,651
3552,651
3553,651
3554,651
3555,651
3556,650
3557,650
3558,650
3559,650
3560,650
3561,650
3562,649
3563,649
3564,649
3565,649
3566,649
3567,649
3568,648
3569,648
3570,648
3571,648
3572,648
3573,647
3574,647
3575,647
3576,646
3577,646
3578,646
3579,646
3580,646
3581,646
3582,646
3583,646
3584,646
3585,645
3586,644
3587,644
3588,644
3589,644
3590,644
3591,643
3592,643
3593,643
3594,643
3595,643
3596,642
3597,642
3598,642
3599,642
3600,642
3601,642
3602,642
3603,642
3604,642
3605,641
3606,641
3607,641
3608,641
3609,640
3610,640
3611,640
3612,640
3613,640
3614,640
3615,640
3616,640
3617,639
3618,639
3619,639
3620,639
3621,639
3622,639
3623,639
3624,638
3625,638
3626,638
3627,638
3628,638
3629,637
3630,637
3631,637
3632,637
3633,637
3634,636
3635,636
3636,636
3637,635
3638,635
3639,635
3640,635
3641,635
3642,635
3643,635
3644,635
3645,635
3646,635
3647,635
3648,634
3649,634
3650,634
3651,633
3652,633
3653,633
3654,633
3655,633
3656,633
3657,633
3658,632
3659,632
3660,632
3661,632
3662,631
3663,631
3664,631
3665,631
3666,631
3667,631
3668,631
3669,631
3670,630
3671,630
3672,629
3673,629
3674,629
3675,629
3676,629
3677,629
3678,628
3679,628
3680,628
3681,628
3682,628
3683,628
3684,628
3685,628
3686,627
3687,627
3688,627
3689,627
3690,627
3691,627
3692,627
3693,626
3694,626
3695,626
3696,626
3697,626
3698,626
3699,625
3700,625
3701,625
3702,625
3703,625
3704,625
3705,624
3706,624
3707,624
3708,624
3709,624
3710,624
3711,624
3712,624
3713,623
3714,623
3715,623
3716,622
3717,622
3718,622
3719,622
3720,622
3721,622
3722,622
3723,621
3724,621
3725,621
3726,621
3727,621
3728,621
3729,621
3730,621
3731,620
3732,620
3733,620
3734,620
3735,620
3736,619
3737,619
3738,619
3739,619
3740,619
3741,619
3742,619
3743,619
3744,618
3745,618
3746,618
3747,618
3748,618
3749,618
3750,618
3751,618
3752,618
3753,618
3754,617
3755,617
3756,617
3757,617
3758,616
3759,616
3760,615
3761,615
3762,615
3763,615
3764,615
3765,615
3766,614
3767,614
3768,614
3769,614
3770,614
3771,614
3772,614
3773,614
3774,614
3775,613
3776,613
3777,613
3778,612
3779,612
3780,612
3781,612
3782,612
3783,612
3784,612
3785,612
3786,611
3787,611
3788,611
3789,611
3790,611
3791,611
3792,611
3793,610
3794,610
3795,610
3796,610
3797,610
3798,609
3799,609
3800,609
3801,609
3802,609
3803,609
3804,609
3805,609
3806,608
3807,608
3808,608
3809,607
3810,607
3811,607
3812,607
3813,606
3814,606
3815,606
3816,606
3817,606
3818,606
3819,606
3820,605
3821,605
3822,605
3823,605
3824,605
3825,605
3826,605
3827,604
3828,604
3829,604
3830,604
3831,604
3832,604
3833,603
3834,603
3835,603
3836,603
3837,603
3838,603
3839,603
3840,603
3841,602
3842,602
3843,602
3844,602
3845,602
3846,602
3847,601
3848,601
3849,601
3850,601
3851,601
3852,601
3853,601
3854,600
3855,600
3856,600
3857,600
3858,600
3859,599
3860,599
3861,599
3862,599
3863,599
3864,599
3865,599
3866,599
3867,599
3868,599
3869,599
3870,598
3871,598
3872,598
3873,598
3874,598
3875,598
3876,597
3877,597
3878,597
3879,597
3880,597
3881,597
3882,597
3883,597
3884,597
3885,597
3886,597
3887,597
3888,596
3889,596
3890,596
3891,595
3892,595
3893,595
3894,595
3895,595
3896,594
3897,594
3898,594
3899,594
3900,594
3901,594
3902,594
3903,594
3904,594
3905,594
3906,593
3907,593
3908,593
3909,593
3910,593
3911,593
3912,593
3913,593
3914,593
3915,593
3916,593
3917,592
3918,592
3919,592
3920,592
3921,592
3922,591
3923,591
3924,591
3925,591
3926,591
3927,591
3928,591
3929,591
3930,590
3931,590
3932,589
3933,589
3934,589
3935,588
3936,588
3937,588
3938,588
3939,588
3940,588
3941,588
3942,588
3943,588
3944,588
3945,587
3946,587
3947,587
3948,587
3949,587
3950,587
3951,587
3952,586
3953,585
3954,585
3955,585
3956,585
3957,585
3958,585
3959,584
3960,584
3961,584
3962,584
3963,584
3964,584
3965,584
3966,584
3967,584
3968,583
3969,583
3970,583
3971,583
3972,583
3973,583
3974,583
3975,583
3976,583
3977,582
3978,582
3979,582
3980,581
3981,581
3982,581
3983,581
3984,581
3985,581
3986,581
3987,581
3988,580
3989,580
3990,580
3991,580
3992,580
3993,580
3994,579
3995,579
3996,579
3997,579
3998,578
3999,578
4000,578
4001,577
4002,577
4003,577
4004,577
4005,577
4006,577
4007,577
4008,576
4009,576
4010,576
4011,576
4012,576
4013,576
4014,575
4015,575
4016,575
4017,574
4018,573
4019,573
4020,573
4021,573
4022,573
4023,573
4024,573
4025,573
4026,572
4027,572
4028,572
4029,572
4030,572
4031,572
4032,571
4033,571
4034,571
4035,571
4036,571
4037,570
4038,570
4039,570
4040,570
4041,569
4042,569
4043,569
4044,569
4045,569
4046,569
4047,569
4048,568
4049,568
4050,568
4051,568
4052,568
4053,568
4054,568
4055,567
4056,567
4057,567
4058,566
4059,566
4060,566
4061,566
4062,566
4063,566
4064,566
4065,565
4066,565
4067,565
4068,565
4069,564
4070,564
4071,564
4072,564
4073,564
4074,564
4075,563
4076,563
4077,563
4078,563
4079,562
4080,562
4081,561
4082,561
4083,561
4084,561
4085,561
4086,561
4087,561
4088,560
4089,560
4090,560
4091,560
4092,559
4093,559
4094,559
4095,559
4096,559
4097,559
4098,559
4099,558
4100,558
4101,558
4102,558
4103,558
4104,558
4105,557
4106,557
4107,557
4108,557
4109,557
4110,557
4111,557
4112,556
4113,556
4114,556
4115,556
4116,556
4117,556
4118,555
4119,555
4120,555
4121,555
4122,555
4123,554
4124,554
4125,554
4126,554
4127,554
4128,554
4129,554
4130,553
4131,553
4132,553
4133,553
4134,553
4135,552
4136,552
4137,552
4138,552
4139,551
4140,551
4141,551
4142,551
4143,550
4144,550
4145,550
4146,550
4147,549
4148,549
4149,549
4150,549
4151,549
4152,549
4153,548
4154,548
4155,548
4156,548
4157,548
4158,547
4159,547
4160,547
4161,547
4162,547
4163,546
4164,546
4165,546
4166,546
4167,546
4168,546
4169,546
4170,545
4171,545
4172,545
4173,545
4174,545
4175,545
4176,544
4177,544
4178,544
4179,544
4180,544
4181,544
4182,544
4183,543
4184,543
4185,543
4186,543
4187,543
4188,543
4189,542
4190,542
4191,542
4192,542
4193,542
4194,541
4195,541
4196,541
4197,541
4198,541
4199,541
4200,541
4201,540
4202,540
4203,540
4204,539
4205,539
4206,539
4207,539
4208,538
4209,538
4210,537
4211,537
4212,537
4213,537
4214,537
4215,536
4216,536
4217,536
4218,536
4219,536
4220,536
4221,536
4222,536
4223,536
4224,535
4225,535
4226,534
4227,534
4228,534
4229,534
4230,533
4231,533
4232,533
4233,533
4234,533
4235,532
4236,532
4237,532
4238,532
4239,532
4240,531
4241,531
4242,531
4243,531
4244,530
4245,530
4246,530
4247,529
4248,529
4249,529
4250,529
4251,528
4252,528
4253,528
4254,528
4255,528
4256,528
4257,528
4258,527
4259,527
4260,527
4261,527
4262,527
4263,526
4264,526
4265,526
4266,526
4267,525
4268,525
4269,525
4270,525
4271,525
4272,524
4273,524
4274,524
4275,523
4276,523
4277,523
4278,523
4279,523
4280,523
4281,522
4282,522
4283,522
4284,522
4285,522
4286,521
4287,521
4288,521
4289,521
4290,521
4291,520
4292,520
4293,520
4294,520
4295,520
4296,520
4297,520
4298,520
4299,520
4300,519
4301,519
4302,519
4303,519
4304,519
4305,519
4306,519
4307,518
4308,518
4309,518
4310,518
4311,518
4312,518
4313,517
4314,517
4315,517
4316,517
4317,517
4318,517
4319,517
4320,517
4321,516
4322,516
4323,516
4324,516
4325,516
4326,516
4327,515
4328,515
4329,515
4330,514
4331,514
4332,514
4333,514
4334,514
4335,514
4336,513
4337,513
4338,513
4339,513
4340,513
4341,513
4342,513
4343,512
4344,512
4345,512
4346,512
4347,512
4348,512
4349,512
4350,511
4351,511
4352,511
4353,511
4354,511
4355,510
4356,510
4357,510
4358,509
4359,509
4360,509
4361,508
4362,508
4363,508
4364,508
4365,507
4366,507
4367,507
4368,507
4369,507
4370,507
4371,506
4372,506
4373,506
4374,505
4375,505
4376,505
4377,505
4378,505
4379,505
4380,505
4381,505
4382,505
4383,504
4384,504
4385,504
4386,504
4387,504
4388,504
4389,503
4390,503
4391,503
4392,503
4393,503
4394,503
4395,502
4396,502
4397,502
4398,502
4399,502
4400,502
4401,502
4402,502
4403,501
4404,501
4405,501
4406,501
4407,501
4408,501
4409,500
4410,500
4411,500
4412,500
4413,500
4414,500
4415,499
4416,499
4417,499
4418,499
4419,499
4420,499
4421,498
4422,498
4423,498
4424,498
4425,498
4426,498
4427,497
4428,497
4429,497
4430,497
4431,497
4432,497
4433,496
4434,496
4435,496
4436,496
4437,496
4438,496
4439,495
4440,495
4441,495
4442,494
4443,494
4444,494
4445,494
4446,494
4447,494
4448,493
4449,493
4450,493
4451,493
4452,492
4453,492
4454,492
4455,491
4456,491
4457,491
4458,490
4459,490
4460,490
4461,490
4462,489
4463,489
4464,489
4465,489
4466,489
4467,489
4468,488
4469,488
4470,488
4471,488
4472,488
4473,488
4474,488
4475,488
4476,488
4477,488
4478,488
4479,487
4480,487
4481,487
4482,486
4483,486
4484,486
4485,486
4486,486
4487,486
4488,486
4489,486
4490,486
4491,486
4492,486
4493,485
4494,485
4495,485
4496,485
4497,485
4498,484
4499,484
4500,484
4501,484
4502,484
4503,484
4504,484
4505,484
4506,483
4507,483
4508,483
4509,483
4510,483
4511,483
4512,482
4513,482
4514,482
4515,482
4516,482
4517,482
4518,482
4519,482
4520,481
4521,481
4522,481
4523,481
4524,481
4525,480
4526,480
4527,480
4528,480
4529,480
4530,480
4531,480
4532,480
4533,480
4534,480
4535,479
4536,479
4537,479
4538,478
4539,478
4540,478
4541,478
4542,478
4543,478
4544,478
4545,478
4546,477
4547,477
4548,477
4549,477
4550,476
4551,476
4552,476
4553,476
4554,476
4555,475
4556,475
4557,474
4558,474
4559,474
4560,474
4561,474
4562,474
4563,473
4564,473
4565,473
4566,473
4567,473
4568,473
4569,472
4570,472
4571,472
4572,471
4573,471
4574,471
4575,471
4576,470
4577,470
4578,470
4579,470
4580,470
4581,469
4582,469
4583,468
4584,468
4585,468
4586,468
4587,468
4588,468
4589,467
4590,467
4591,467
4592,467
4593,467
4594,467
4595,467
4596,467
4597,466
4598,466
4599,466
4600,465
4601,465
4602,465
4603,465
4604,464
4605,464
4606,464
4607,464
4608,464
4609,464
4610,464
4611,464
4612,464
4613,464
4614,463
4615,463
4616,463
4617,463
4618,463
4619,463
4620,462
4621,462
4622,462
4623,461
4624,461
4625,461
4626,461
4627,461
4628,460
4629,460
4630,460
4631,460
4632,460
4633,460
4634,459
4635,459
4636,459
4637,459
4638,459
4639,459
4640,459
4641,458
4642,457
4643,457
4644,457
4645,457
4646,456
4647,456
4648,456
4649,456
4650,456
4651,456
4652,456
4653,456
4654,456
4655,455
4656,455
4657,455
4658,455
4659,455
4660,455
4661,455
4662,454
4663,454
4664,454
4665,454
4666,453
4667,453
4668,453
4669,453
4670,452
4671,452
4672,452
4673,452
4674,452
4675,452
4676,452
4677,451
4678,451
4679,451
4680,451
4681,451
4682,451
4683,450
4684,450
4685,450
4686,450
4687,449
4688,449
4689,449
4690,449
4691,449
4692,449
4693,448
4694,448
4695,448
4696,448
4697,448
4698,447
4699,447
4700,447
4701,447
4702,447
4703,447
4704,446
4705,446
4706,446
4707,446
4708,446
4709,446
4710,446
4711,446
4712,446
4713,446
4714,446
4715,445
4716,445
4717,445
4718,444
4719,444
4720,444
4721,444
4722,444
4723,443
4724,443
4725,443
4726,443
4727,442
4728,442
4729,442
4730,441
4731,441
4732,441
4733,441
4734,440
4735,440
4736,440
4737,440
4738,440
4739,440
4740,439
4741,439
4742,438
4743,438
4744,438
4745,438
4746,438
4747,438
4748,438
4749,438
4750,438
4751,437
4752,437
4753,437
4754,437
4755,437
4756,437
4757,436
4758,436
4759,436
4760,436
4761,436
4762,436
4763,436
4764,436
4765,436
4766,436
4767,436
4768,436
4769,436
4770,435
4771,435
4772,435
4773,435
4774,435
4775,435
4776,435
4777,435
4778,435
4779,434
4780,434
4781,434
4782,434
4783,434
4784,433
4785,433
4786,433
4787,433
4788,433
4789,433
4790,432
4791,432
4792,432
4793,432
4794,432
4795,431
4796,431
4797,431
4798,431
4799,431
4800,431
4801,431
4802,430
4803,430
4804,430
4805,430
4806,429
4807,429
4808,429
4809,429
4810,429
4811,429
4812,429
4813,429
4814,428
4815,428
4816,428
4817,428
4818,428
4819,428
4820,428
4821,427
4822,427
4823,427
4824,427
4825,427
4826,427
4827,427
4828,427
4829,426
4830,426
4831,426
4832,426
4833,425
4834,425
4835,425
4836,424
4837,424
4838,424
4839,424
4840,424
4841,424
4842,424
4843,424
4844,423
4845,423
4846,423
4847,423
4848,423
4849,423
4850,423
4851,423
4852,422
4853,422
4854,422
4855,422
4856,422
4857,422
4858,422
4859,422
4860,421
4861,421
4862,421
4863,421
4864,421
4865,421
4866,421
4867,421
4868,420
4869,420
4870,419
4871,419
4872,419
4873,418
4874,418
4875,417
4876,417
4877,416
4878,416
4879,415
4880,415
4881,415
4882,415
4883,415
4884,414
4885,414
4886,414
4887,414
4888,414
4889,414
4890,413
4891,413
4892,412
4893,412
4894,412
4895,412
4896,412
4897,412
4898,412
4899,411
4900,411
4901,411
4902,411
4903,411
4904,411
4905,410
4906,410
4907,410
4908,410
4909,410
4910,409
4911,409
4912,409
4913,409
4914,409
4915,408
4916,408
4917,408
4918,407
4919,407
4920,407
4921,407
4922,407
4923,407
4924,407
4925,407
4926,406
4927,406
4928,406
4929,406
4930,405
4931,405
4932,405
4933,405
4934,405
4935,404
4936,404
4937,404
4938,404
4939,403
4940,403
4941,403
4942,403
4943,403
4944,402
4945,402
4946,402
4947,402
4948,401
4949,401
4950,401
4951,401
4952,401
4953,400
4954,400
4955,400
4956,400
4957,400
4958,400
4959,400
4960,400
4961,399
4962,399
4963,399
4964,399
4965,399
4966,398
4967,398
4968,398
4969,398
4970,398
4971,398
4972,398
4973,397
4974,397
4975,397
4976,397
4977,397
4978,397
4979,396
4980,396
4981,396
4982,396
4983,396
4984,396
4985,396
4986,396
4987,395
4988,395
4989,395
4990,395
4991,395
4992,395
4993,394
4994,394
4995,394
4996,393
4997,393
4998,393
4999,393
5000,393
5001,393
5002,393
5003,393
5004,393
5005,393
5006,393
5007,392
5008,392
5009,392
5010,392
5011,392
5012,391
5013,391
5014,391
5015,391
5016,391
5017,390
5018,390
5019,390
5020,389
5021,389
5022,389
5023,389
5024,389
5025,388
5026,388
5027,388
5028,388
5029,388
5030,388
5031,388
5032,388
5033,388
5034,387
5035,387
5036,387
5037,387
5038,387
5039,387
5040,387
5041,386
5042,386
5043,386
5044,386
5045,385
5046,385
5047,385
5048,385
5049,385
5050,385
5051,385
5052,385
5053,385
5054,384
5055,384
5056,384
5057,384
5058,384
5059,383
5060,383
5061,383
5062,383
5063,383
5064,383
5065,382
5066,382
5067,382
5068,381
5069,381
5070,381
5071,381
5072,380
5073,380
5074,380
5075,380
5076,380
5077,380
5078,380
5079,379
5080,379
5081,379
5082,379
5083,379
5084,379
5085,379
5086,378
5087,378
5088,378
5089,378
5090,378
5091,378
5092,377
5093,377
5094,377
5095,377
5096,377
5097,377
5098,377
5099,377
5100,377
5101,376
5102,376
5103,376
5104,376
5105,376
5106,375
5107,375
5108,375
5109,375
5110,375
5111,375
5112,374
5113,374
5114,374
5115,374
5116,374
5117,374
5118,374
5119,374
5120,373
5121,373
5122,373
5123,373
5124,373
5125,372
5126,372
5127,372
5128,372
5129,372
5130,371
5131,371
5132,371
5133,371
5134,371
5135,371
5136,371
5137,371
5138,370
5139,370
5140,369
5141,369
5142,369
5143,369
5144,369
5145,369
5146,369
5147,368
5148,368
5149,368
5150,368
5151,368
5152,368
5153,368
5154,367
5155,367
5156,367
5157,367
5158,367
5159,366
5160,366
5161,366
5162,366
5163,366
5164,366
5165,365
5166,365
5167,365
5168,365
5169,365
5170,365
5171,365
5172,365
5173,365
5174,364
5175,364
5176,364
5177,364
5178,364
5179,364
5180,364
5181,364
5182,364
5183,363
5184,363
5185,363
5186,363
5187,363
5188,362
5189,362
5190,362
5191,362
5192,361
5193,361
5194,361
5195,360
5196,360
5197,360
5198,360
5199,360
5200,360
5201,360
5202,360
5203,359
5204,359
5205,359
5206,359
5207,359
5208,359
5209,358
5210,358
5211,358
5212,358
5213,358
5214,358
5215,357
5216,357
5217,357
5218,357
5219,357
5220,356
5221,356
5222,356
5223,356
5224,356
5225,355
5226,355
5227,355
5228,355
5229,355
5230,355
5231,355
5232,355
5233,354
5234,354
5235,354
5236,353
5237,353
5238,353
5239,353
5240,353
5241,352
5242,352
5243,352
5244,351
5245,351
5246,351
5247,351
5248,350
5249,350
5250,350
5251,350
5252,350
5253,350
5254,350
5255,349
5256,349
5257,349
5258,349
5259,349
5260,349
5261,349
5262,349
5263,348
5264,348
5265,348
5266,348
5267,348
5268,347
5269,347
5270,346
5271,346
5272,346
5273,346
5274,346
5275,345
5276,345
5277,345
5278,345
5279,345
5280,345
5281,345
5282,345
5283,345
5284,344
5285,344
5286,344
5287,344
5288,343
5289,343
5290,343
5291,343
5292,343
5293,343
5294,343
5295,343
5296,342
5297,342
5298,342
5299,342
5300,341
5301,341
5302,341
5303,341
5304,341
5305,341
5306,341
5307,341
5308,341
5309,340
5310,340
5311,339
5312,339
5313,339
5314,339
5315,338
5316,338
5317,338
5318,338
5319,338
5320,338
5321,338
5322,337
5323,337
5324,337
5325,337
5326,337
5327,337
5328,336
5329,336
5330,336
5331,335
5332,335
5333,335
5334,335
5335,335
5336,335
5337,334
5338,334
5339,334
5340,334
5341,333
5342,333
5343,332
5344,332
5345,332
5346,332
5347,332
5348,331
5349,331
5350,331
5351,331
5352,330
5353,330
5354,330
5355,330
5356,330
5357,330
5358,330
5359,330
5360,329
5361,329
5362,329
5363,329
5364,329
5365,328
5366,328
5367,328
5368,328
5369,328
5370,327
5371,327
5372,327
5373,327
5374,327
5375,326
5376,326
5377,326
5378,326
5379,326
5380,325
5381,325
5382,325
5383,325
5384,325
5385,324
5386,324
5387,324
5388,324
5389,323
5390,323
5391,323
5392,323
5393,323
5394,323
5395,322
5396,322
5397,322
5398,322
5399,322
5400,321
5401,321
5402,321
5403,321
5404,321
5405,321
5406,321
5407,320
5408,320
5409,320
5410,320
5411,319
5412,319
5413,319
5414,319
5415,319
5416,319
5417,318
5418,318
5419,318
5420,318
5421,318
5422,318
5423,318
5424,318
5425,318
5426,318
5427,318
5428,317
5429,317
5430,317
5431,317
5432,316
5433,316
5434,316
5435,316
5436,316
5437,316
5438,315
5439,315
5440,315
5441,315
5442,315
5443,315
5444,314
5445,314
5446,314
5447,314
5448,314
5449,313
5450,313
5451,313
5452,312
5453,312
5454,312
5455,311
5456,311
5457,311
5458,311
5459,311
5460,311
5461,311
5462,310
5463,310
5464,309
5465,309
5466,309
5467,309
5468,309
5469,309
5470,309
5471,309
5472,309
5473,308
5474,308
5475,308
5476,308
5477,308
5478,307
5479,307
5480,307
5481,307
5482,306
5483,305
5484,305
5485,305
5486,305
5487,304
5488,304
5489,303
5490,303
5491,303
5492,303
5493,303
5494,302
5495,302
5496,302
5497,300
5498,300
5499,300
5500,300
5501,299
5502,299
5503,299
5504,299
5505,299
5506,299
5507,299
5508,299
5509,298
5510,298
5511,298
5512,298
5513,298
5514,298
5515,297
5516,297
5517,297
5518,296
5519,296
5520,296
5521,296
5522,295
5523,295
5524,294
5525,294
5526,294
5527,293
5528,293
5529,293
5530,293
5531,293
5532,293
5533,293
5534,293
5535,292
5536,292
5537,292
5538,292
5539,292
5540,292
5541,292
5542,292
5543,291
5544,291
5545,291
5546,291
5547,291
5548,291
5549,291
5550,290
5551,290
5552,290
5553,290
5554,290
5555,290
5556,289
5557,289
5558,289
5559,288
5560,288
5561,288
5562,288
5563,288
5564,288
5565,288
5566,288
5567,288
5568,288
5569,287
5570,287
5571,286
5572,286
5573,286
5574,286
5575,286
5576,286
5577,286
5578,286
5579,286
5580,285
5581,285
5582,285
5583,285
5584,285
5585,284
5586,284
5587,284
5588,283
5589,282
5590,282
5591,282
5592,282
5593,282
5594,282
5595,282
5596,282
5597,281
5598,281
5599,281
5600,281
5601,281
5602,281
5603,281
5604,280
5605,280
5606,280
5607,280
5608,279
5609,279
5610,279
5611,279
5612,279
5613,279
5614,279
5615,278
5616,278
5617,278
5618,278
5619,278
5620,277
5621,277
5622,277
5623,277
5624,277
5625,277
5626,276
5627,276
5628,276
5629,276
5630,276
5631,275
5632,275
5633,275
5634,275
5635,275
5636,275
5637,275
5638,275
5639,274
5640,274
5641,274
5642,274
5643,273
5644,273
5645,273
5646,273
5647,273
5648,273
5649,272
5650,272
5651,272
5652,272
5653,272
5654,272
5655,271
5656,271
5657,271
5658,271
5659,271
5660,271
5661,271
5662,270
5663,270
5664,270
5665,270
5666,270
5667,269
5668,269
5669,269
5670,269
5671,269
5672,269
5673,269
5674,268
5675,268
5676,268
5677,268
5678,268
5679,268
5680,267
5681,267
5682,267
5683,267
5684,266
5685,266
5686,266
5687,266
5688,266
5689,266
5690,266
5691,265
5692,265
5693,265
5694,265
5695,265
5696,264
5697,264
5698,264
5699,264
5700,264
5701,264
5702,263
5703,263
5704,263
5705,263
5706,263
5707,263
5708,263
5709,263
5710,263
5711,263
5712,263
5713,262
5714,262
5715,262
5716,262
5717,262
5718,261
5719,261
5720,261
5721,260
5722,260
5723,260
5724,260
5725,260
5726,259
5727,259
5728,258
5729,258
5730,258
5731,258
5732,258
5733,258
5734,258
5735,257
5736,257
5737,257
5738,257
5739,257
5740,257
5741,257
5742,257
5743,257
5744,256
5745,256
5746,256
5747,256
5748,255
5749,255
5750,254
5751,254
5752,254
5753,253
5754,253
5755,253
5756,253
5757,253
5758,253
5759,253
5760,252
5761,252
5762,252
5763,252
5764,252
5765,252
5766,251
5767,251
5768,251
5769,251
5770,251
5771,251
5772,251
5773,251
5774,251
5775,251
5776,250
5777,250
5778,250
5779,250
5780,249
5781,249
5782,249
5783,248
5784,248
5785,248
5786,248
5787,248
5788,247
5789,247
5790,247
5791,246
5792,245
5793,245
5794,245
5795,245
5796,245
5797,245
5798,245
5799,245
5800,244
5801,244
5802,244
5803,244
5804,244
5805,244
5806,243
5807,243
5808,243
5809,243
5810,242
5811,242
5812,241
5813,241
5814,241
5815,241
5816,241
5817,241
5818,241
5819,240
5820,240
5821,240
5822,240
5823,240
5824,240
5825,239
5826,239
5827,239
5828,239
5829,238
5830,238
5831,238
5832,237
5833,237
5834,237
5835,237
5836,237
5837,237
5838,236
5839,236
5840,235
5841,235
5842,235
5843,235
5844,234
5845,234
5846,234
5847,234
5848,234
5849,234
5850,234
5851,233
5852,232
5853,232
5854,232
5855,232
5856,232
5857,231
5858,231
5859,231
5860,231
5861,231
5862,231
5863,230
5864,230
5865,230
5866,230
5867,229
5868,229
5869,229
5870,229
5871,229
5872,229
5873,229
5874,229
5875,229
5876,228
5877,228
5878,228
5879,228
5880,227
5881,227
5882,227
5883,226
5884,226
5885,226
5886,226
5887,225
5888,225
5889,225
5890,225
5891,225
5892,225
5893,225
5894,225
5895,224
5896,224
5897,224
5898,222
5899,222
5900,222
5901,221
5902,221
5903,221
5904,221
5905,221
5906,220
5907,220
5908,220
5909,220
5910,220
5911,219
5912,219
5913,219
5914,219
5915,219
5916,219
5917,218
5918,218
5919,217
5920,216
5921,216
5922,216
5923,216
5924,215
5925,215
5926,214
5927,214
5928,214
5929,214
5930,214
5931,214
5932,213
5933,213
5934,213
5935,213
5936,213
5937,213
5938,212
5939,212
5940,212
5941,211
5942,211
5943,211
5944,211
5945,211
5946,210
5947,210
5948,210
5949,209
5950,209
5951,209
5952,209
5953,209
5954,209
5955,209
5956,208
5957,208
5958,208
5959,208
5960,208
5961,208
5962,207
5963,207
5964,207
5965,207
5966,207
5967,207
5968,207
5969,207
5970,207
5971,206
5972,206
5973,206
5974,206
5975,206
5976,205
5977,205
5978,205
5979,205
5980,205
5981,205
5982,205
5983,205
5984,204
5985,204
5986,204
5987,204
5988,204
5989,203
5990,203
5991,203
5992,203
5993,203
5994,203
5995,202
5996,202
5997,202
5998,202
5999,202
6000,202
6001,201
6002,201
6003,201
6004,201
6005,201
6006,201
6007,201
6008,201
6009,201
6010,200
6011,200
6012,200
6013,200
6014,200
6015,200
6016,199
6017,199
6018,199
6019,199
6020,199
6021,198
6022,198
6023,198
6024,198
6025,198
6026,198
6027,197
6028,197
6029,197
6030,197
6031,197
6032,197
6033,197
6034,197
6035,196
6036,196
6037,195
6038,195
6039,195
6040,195
6041,195
6042,195
6043,194
6044,194
6045,194
6046,194
6047,194
6048,194
6049,193
6050,192
6051,192
6052,192
6053,192
6054,192
6055,192
6056,192
6057,192
6058,191
6059,191
6060,190
6061,190
6062,190
6063,189
6064,189
6065,189
6066,189
6067,188
6068,188
6069,188
6070,187
6071,187
6072,187
6073,186
6074,186
6075,186
6076,186
6077,186
6078,186
6079,185
6080,184
6081,184
6082,184
6083,184
6084,184
6085,183
6086,183
6087,182
6088,182
6089,182
6090,182
6091,182
6092,181
6093,181
6094,181
6095,180
6096,180
6097,180
6098,180
6099,179
6100,179
6101,179
6102,179
6103,179
6104,179
6105,178
6106,178
6107,178
6108,178
6109,177
6110,177
6111,177
6112,177
6113,177
6114,177
6115,177
6116,177
6117,177
6118,177
6119,177
6120,176
6121,176
6122,176
6123,176
6124,176
6125,176
6126,175
6127,175
6128,175
6129,175
6130,175
6131,174
6132,174
6133,174
6134,174
6135,174
6136,174
6137,174
6138,174
6139,173
6140,173
6141,172
6142,172
6143,172
6144,172
6145,171
6146,171
6147,171
6148,171
6149,170
6150,170
6151,170
6152,169
6153,169
6154,169
6155,169
6156,169
6157,168
6158,168
6159,168
6160,167
6161,167
6162,166
6163,166
6164,165
6165,165
6166,165
6167,164
6168,164
6169,164
6170,164
6171,163
6172,163
6173,163
6174,163
6175,163
6176,163
6177,162
6178,162
6179,162
6180,161
6181,161
6182,161
6183,161
6184,161
6185,160
6186,160
6187,160
6188,160
6189,159
6190,158
6191,157
6192,157
6193,157
6194,157
6195,156
6196,156
6197,156
6198,156
6199,155
6200,155
6201,155
6202,154
6203,154
6204,154
6205,154
6206,154
6207,154
6208,153
6209,153
6210,153
6211,153
6212,153
6213,152
6214,152
6215,152
6216,152
6217,152
6218,152
6219,151
6220,151
6221,151
6222,151
6223,151
6224,151
6225,151
6226,150
6227,150
6228,150
6229,150
6230,150
6231,150
6232,149
6233,149
6234,149
6235,149
6236,148
6237,148
6238,148
6239,148
6240,148
6241,148
6242,147
6243,147
6244,147
6245,147
6246,146
6247,146
6248,145
6249,145
6250,145
6251,144
6252,144
6253,144
6254,144
6255,143
6256,143
6257,143
6258,143
6259,143
6260,142
6261,142
6262,142
6263,141
6264,141
6265,140
6266,140
6267,140
6268,140
6269,139
6270,139
6271,139
6272,139
6273,138
6274,138
6275,138
6276,138
6277,137
6278,137
6279,137
6280,137
6281,136
6282,136
6283,136
6284,136
6285,136
6286,135
6287,135
6288,135
6289,134
6290,134
6291,134
6292,134
6293,134
6294,134
6295,133
6296,132
6297,132
6298,132
6299,131
6300,131
6301,131
6302,131
6303,131
6304,130
6305,130
6306,130
6307,129
6308,129
6309,129
6310,129
6311,129
6312,129
6313,129
6314,128
6315,128
6316,127
6317,127
6318,127
6319,127
6320,127
6321,126
6322,126
6323,126
6324,126
6325,126
6326,126
6327,126
6328,126
6329,125
6330,125
6331,125
6332,125
6333,125
6334,125
6335,125
6336,125
6337,125
6338,124
6339,124
6340,124
6341,123
6342,123
6343,123
6344,123
6345,122
6346,122
6347,122
6348,122
6349,121
6350,121
6351,121
6352,121
6353,121
6354,121
6355,120
6356,119
6357,119
6358,119
6359,119
6360,119
6361,119
6362,119
6363,119
6364,118
6365,118
6366,118
6367,118
6368,118
6369,117
6370,117
6371,117
6372,116
6373,116
6374,116
6375,116
6376,115
6377,115
6378,115
6379,115
6380,115
6381,115
6382,114
6383,114
6384,114
6385,113
6386,112
6387,112
6388,112
6389,112
6390,112
6391,111
6392,111
6393,111
6394,111
6395,111
6396,111
6397,110
6398,110
6399,110
6400,110
6401,109
6402,109
6403,109
6404,108
6405,108
6406,108
6407,108
6408,107
6409,107
6410,107
6411,107
6412,107
6413,106
6414,106
6415,106
6416,106
6417,106
6418,105
6419,105
6420,105
6421,105
6422,104
6423,104
6424,104
6425,104
6426,103
6427,103
6428,103
6429,102
6430,101
6431,101
6432,100
6433,100
6434,100
6435,100
6436,100
6437,100
6438,100
6439,99
6440,99
6441,99
6442,99
6443,98
6444,98
6445,98
6446,98
6447,97
6448,97
6449,97
6450,97
6451,97
6452,96
6453,96
6454,96
6455,96
6456,96
6457,96
6458,96
6459,96
6460,95
6461,95
6462,95
6463,94
6464,94
6465,94
6466,94
6467,94
6468,94
6469,93
6470,93
6471,92
6472,92
6473,92
6474,92
6475,92
6476,92
6477,92
6478,91
6479,91
6480,90
6481,90
6482,90
6483,90
6484,89
6485,89
6486,89
6487,89
6488,88
6489,88
6490,88
6491,88
6492,88
6493,88
6494,88
6495,87
6496,87
6497,86
6498,86
6499,85
6500,85
6501,85
6502,85
6503,85
6504,84
6505,84
6506,84
6507,84
6508,83
6509,83
6510,82
6511,82
6512,82
6513,82
6514,82
6515,81
6516,81
6517,80
6518,79
6519,79
6520,79
6521,79
6522,79
6523,78
6524,78
6525,78
6526,78
6527,78
6528,78
6529,77
6530,77
6531,76
6532,76
6533,76
6534,76
6535,76
6536,76
6537,76
6538,75
6539,75
6540,75
6541,74
6542,74
6543,74
6544,74
6545,74
6546,74
6547,73
6548,73
6549,72
6550,70
6551,70
6552,70
6553,70
6554,69
6555,69
6556,69
6557,69
6558,68
6559,68
6560,68
6561,68
6562,67
6563,67
6564,66
6565,66
6566,66
6567,66
6568,66
6569,65
6570,65
6571,65
6572,64
6573,64
6574,64
6575,63
6576,63
6577,63
6578,63
6579,62
6580,62
6581,62
6582,62
6583,62
6584,62
6585,61
6586,61
6587,60
6588,60
6589,60
6590,60
6591,60
6592,59
6593,59
6594,59
6595,58
6596,57
6597,57
6598,57
6599,57
6600,57
6601,57
6602,57
6603,57
6604,57
6605,56
6606,56
6607,56
6608,56
6609,55
6610,55
6611,55
6612,55
6613,55
6614,55
6615,55
6616,54
6617,54
6618,54
6619,54
6620,53
6621,53
6622,52
6623,52
6624,52
6625,52
6626,52
6627,52
6628,51
6629,50
6630,50
6631,50
6632,50
6633,50
6634,50
6635,49
6636,49
6637,49
6638,49
6639,48
6640,48
6641,48
6642,48
6643,47
6644,47
6645,46
6646,46
6647,46
6648,46
6649,46
6650,45
6651,45
6652,45
6653,44
6654,43
6655,43
6656,42
6657,42
6658,42
6659,42
6660,42
6661,42
6662,41
6663,41
6664,41
6665,41
6666,41
6667,41
6668,40
6669,40
6670,39
6671,38
6672,38
6673,38
6674,38
6675,37
6676,37
6677,37
6678,37
6679,36
6680,36
6681,36
6682,36
6683,36
6684,35
6685,35
6686,35
6687,34
6688,34
6689,34
6690,34
6691,34
6692,33
6693,33
6694,32
6695,32
6696,32
6697,32
6698,32
6699,32
6700,32
6701,31
6702,31
6703,31
6704,31
6705,31
6706,31
6707,30
6708,30
6709,30
6710,30
6711,30
6712,30
6713,29
6714,29
6715,29
6716,28
6717,28
6718,28
6719,28
6720,27
6721,27
6722,27
6723,27
6724,26
6725,26
6726,26
6727,26
6728,25
6729,25
6730,25
6731,25
6732,24
6733,24
6734,24
6735,24
6736,24
6737,24
6738,24
6739,23
6740,23
6741,23
6742,22
6743,22
6744,22
6745,22
6746,21
6747,21
6748,21
6749,20
6750,20
6751,20
6752,20
6753,20
6754,19
6755,19
6756,19
6757,19
6758,19
6759,19
6760,19
6761,19
6762,17
6763,17
6764,17
6765,17
6766,17
6767,16
6768,16
6769,16
6770,16
6771,15
6772,15
6773,15
6774,15
6775,15
6776,15
6777,14
6778,14
6779,14
6780,14
6781,12
6782,12
6783,12
6784,12
6785,12
6786,11
6787,11
6788,11
6789,10
6790,9
6791,8
6792,7
6793,7
6794,7
6795,6
6796,6
6797,5
6798,5
6799,4
6800,4
6801,4
6802,4
6803,4
6804,4
6805,3
6806,3
6807,3
6808,2
6809,2
6810,2
6811,2
6812,2
6813,2
6814,1
6815,0
6816,0
6817,0
6818,-1
6819,-1
6820,-2
6821,-2
6822,-2
6823,-2
6824,-2
6825,-3
6826,-3
6827,-3
6828,-3
6829,-3
6830,-3
6831,-3
6832,-4
6833,-4
6834,-4
6835,-4
6836,-5
6837,-5
6838,-5
6839,-6
6840,-6
6841,-6
6842,-7
6843,-7
6844,-7
6845,-8
6846,-8
6847,-8
6848,-8
6849,-8
6850,-9
6851,-9
6852,-9
6853,-10
6854,-11
6855,-11
6856,-12
6857,-12
6858,-13
6859,-13
6860,-13
6861,-13
6862,-14
6863,-14
6864,-14
6865,-14
6866,-14
6867,-14
6868,-14
6869,-14
6870,-15
6871,-15
6872,-16
6873,-16
6874,-19
6875,-19
6876,-19
6877,-19
6878,-20
6879,-20
6880,-21
6881,-21
6882,-21
6883,-21
6884,-21
6885,-21
6886,-21
6887,-21
6888,-22
6889,-22
6890,-23
6891,-23
6892,-23
6893,-23
6894,-24
6895,-24
6896,-24
6897,-24
6898,-24
6899,-24
6900,-25
6901,-25
6902,-25
6903,-25
6904,-26
6905,-26
6906,-26
6907,-26
6908,-26
6909,-26
6910,-27
6911,-27
6912,-27
6913,-27
6914,-28
6915,-28
6916,-28
6917,-28
6918,-29
6919,-29
6920,-30
6921,-30
6922,-31
6923,-32
6924,-33
6925,-33
6926,-34
6927,-34
6928,-35
6929,-35
6930,-36
6931,-36
6932,-37
6933,-38
6934,-38
6935,-39
6936,-39
6937,-39
6938,-40
6939,-40
6940,-40
6941,-40
6942,-41
6943,-41
6944,-41
6945,-42
6946,-43
6947,-43
6948,-43
6949,-43
6950,-44
6951,-45
6952,-45
6953,-46
6954,-46
6955,-46
6956,-46
6957,-47
6958,-47
6959,-47
6960,-49
6961,-50
6962,-50
6963,-50
6964,-51
6965,-52
6966,-52
6967,-52
6968,-52
6969,-52
6970,-53
6971,-53
6972,-53
6973,-53
6974,-54
6975,-54
6976,-54
6977,-54
6978,-55
6979,-55
6980,-55
6981,-56
6982,-56
6983,-57
6984,-57
6985,-57
6986,-57
6987,-57
6988,-58
6989,-58
6990,-59
6991,-59
6992,-59
6993,-59
6994,-59
6995,-59
6996,-59
6997,-60
6998,-60
6999,-60
7000,-60
7001,-61
7002,-61
7003,-61
7004,-61
7005,-61
7006,-61
7007,-61
7008,-62
7009,-63
7010,-64
7011,-65
7012,-65
7013,-65
7014,-65
7015,-65
7016,-65
7017,-66
7018,-66
7019,-66
7020,-67
7021,-67
7022,-67
7023,-68
7024,-68
7025,-68
7026,-68
7027,-69
7028,-69
7029,-69
7030,-70
7031,-70
7032,-70
7033,-71
7034,-71
7035,-72
7036,-72
7037,-72
7038,-73
7039,-73
7040,-74
7041,-74
7042,-74
7043,-74
7044,-74
7045,-75
7046,-75
7047,-76
7048,-76
7049,-76
7050,-77
7051,-77
7052,-77
7053,-77
7054,-78
7055,-78
7056,-79
7057,-79
7058,-79
7059,-79
7060,-80
7061,-80
7062,-81
7063,-82
7064,-82
7065,-83
7066,-84
7067,-84
7068,-84
7069,-84
7070,-84
7071,-85
7072,-85
7073,-85
7074,-85
7075,-86
7076,-86
7077,-87
7078,-88
7079,-88
7080,-88
7081,-89
7082,-89
7083,-89
7084,-90
7085,-90
7086,-90
7087,-90
7088,-91
7089,-91
7090,-91
7091,-92
7092,-92
7093,-93
7094,-93
7095,-94
7096,-94
7097,-95
7098,-95
7099,-95
7100,-95
7101,-95
7102,-96
7103,-96
7104,-96
7105,-96
7106,-97
7107,-98
7108,-98
7109,-98
7110,-98
7111,-98
7112,-99
7113,-99
7114,-99
7115,-99
7116,-100
7117,-100
7118,-100
7119,-100
7120,-100
7121,-100
7122,-100
7123,-101
7124,-101
7125,-101
7126,-101
7127,-102
7128,-102
7129,-102
7130,-102
7131,-103
7132,-103
7133,-103
7134,-104
7135,-104
7136,-105
7137,-105
7138,-106
7139,-106
7140,-106
7141,-107
7142,-108
7143,-108
7144,-108
7145,-108
7146,-108
7147,-109
7148,-109
7149,-109
7150,-109
7151,-109
7152,-109
7153,-109
7154,-109
7155,-110
7156,-110
7157,-110
7158,-111
7159,-111
7160,-112
7161,-112
7162,-112
7163,-113
7164,-113
7165,-113
7166,-113
7167,-114
7168,-115
7169,-115
7170,-115
7171,-115
7172,-115
7173,-116
7174,-116
7175,-116
7176,-117
7177,-117
7178,-117
7179,-117
7180,-118
7181,-119
7182,-119
7183,-119
7184,-121
7185,-121
7186,-121
7187,-122
7188,-122
7189,-122
7190,-122
7191,-123
7192,-124
7193,-124
7194,-125
7195,-125
7196,-125
7197,-127
7198,-127
7199,-127
7200,-127
7201,-128
7202,-128
7203,-128
7204,-128
7205,-128
7206,-128
7207,-128
7208,-129
7209,-129
7210,-129
7211,-129
7212,-129
7213,-129
7214,-130
7215,-130
7216,-131
7217,-131
7218,-131
7219,-132
7220,-132
7221,-133
7222,-133
7223,-134
7224,-134
7225,-134
7226,-134
7227,-135
7228,-135
7229,-135
7230,-135
7231,-135
7232,-135
7233,-136
7234,-137
7235,-137
7236,-137
7237,-137
7238,-137
7239,-138
7240,-138
7241,-138
7242,-138
7243,-138
7244,-139
7245,-139
7246,-139
7247,-141
7248,-141
7249,-141
7250,-141
7251,-142
7252,-143
7253,-143
7254,-144
7255,-144
7256,-144
7257,-144
7258,-145
7259,-146
7260,-147
7261,-148
7262,-148
7263,-149
7264,-149
7265,-149
7266,-149
7267,-150
7268,-150
7269,-150
7270,-153
7271,-153
7272,-153
7273,-153
7274,-153
7275,-154
7276,-154
7277,-154
7278,-154
7279,-155
7280,-155
7281,-155
7282,-156
7283,-156
7284,-156
7285,-157
7286,-157
7287,-158
7288,-158
7289,-158
7290,-159
7291,-159
7292,-159
7293,-159
7294,-160
7295,-160
7296,-160
7297,-161
7298,-161
7299,-161
7300,-161
7301,-162
7302,-163
7303,-164
7304,-164
7305,-164
7306,-164
7307,-165
7308,-165
7309,-166
7310,-166
7311,-166
7312,-166
7313,-166
7314,-166
7315,-168
7316,-169
7317,-169
7318,-170
7319,-170
7320,-170
7321,-170
7322,-170
7323,-171
7324,-171
7325,-171
7326,-171
7327,-171
7328,-172
7329,-174
7330,-177
7331,-178
7332,-178
7333,-178
7334,-179
7335,-179
7336,-179
7337,-179
7338,-179
7339,-179
7340,-179
7341,-180
7342,-180
7343,-180
7344,-180
7345,-181
7346,-182
7347,-182
7348,-182
7349,-182
7350,-183
7351,-183
7352,-183
7353,-184
7354,-184
7355,-184
7356,-184
7357,-184
7358,-184
7359,-185
7360,-185
7361,-185
7362,-186
7363,-186
7364,-186
7365,-188
7366,-188
7367,-189
7368,-189
7369,-189
7370,-191
7371,-192
7372,-192
7373,-192
7374,-192
7375,-192
7376,-193
7377,-193
7378,-194
7379,-194
7380,-195
7381,-195
7382,-195
7383,-195
7384,-197
7385,-197
7386,-197
7387,-198
7388,-198
7389,-198
7390,-198
7391,-198
7392,-199
7393,-199
7394,-199
7395,-200
7396,-200
7397,-200
7398,-200
7399,-201
7400,-201
7401,-202
7402,-202
7403,-203
7404,-203
7405,-204
7406,-204
7407,-204
7408,-205
7409,-205
7410,-205
7411,-206
7412,-206
7413,-206
7414,-207
7415,-207
7416,-207
7417,-208
7418,-209
7419,-209
7420,-210
7421,-210
7422,-211
7423,-211
7424,-211
7425,-211
7426,-211
7427,-211
7428,-211
7429,-212
7430,-213
7431,-213
7432,-213
7433,-213
7434,-214
7435,-214
7436,-215
7437,-216
7438,-216
7439,-217
7440,-217
7441,-217
7442,-218
7443,-218
7444,-218
7445,-218
7446,-219
7447,-219
7448,-219
7449,-219
7450,-220
7451,-221
7452,-221
7453,-221
7454,-221
7455,-222
7456,-222
7457,-222
7458,-222
7459,-222
7460,-223
7461,-223
7462,-223
7463,-224
7464,-224
7465,-225
7466,-225
7467,-226
7468,-226
7469,-226
7470,-226
7471,-226
7472,-226
7473,-227
7474,-228
7475,-228
7476,-228
7477,-229
7478,-230
7479,-231
7480,-231
7481,-231
7482,-232
7483,-232
7484,-233
7485,-233
7486,-234
7487,-235
7488,-235
7489,-235
7490,-235
7491,-235
7492,-237
7493,-237
7494,-238
7495,-238
7496,-238
7497,-238
7498,-238
7499,-239
7500,-239
7501,-240
7502,-240
7503,-240
7504,-241
7505,-241
7506,-241
7507,-242
7508,-243
7509,-243
7510,-244
7511,-244
7512,-244
7513,-245
7514,-245
7515,-245
7516,-246
7517,-246
7518,-247
7519,-247
7520,-248
7521,-248
7522,-249
7523,-249
7524,-249
7525,-251
7526,-252
7527,-252
7528,-253
7529,-257
7530,-257
7531,-258
7532,-258
7533,-258
7534,-259
7535,-260
7536,-260
7537,-260
7538,-260
7539,-260
7540,-261
7541,-261
7542,-261
7543,-261
7544,-262
7545,-264
7546,-264
7547,-264
7548,-265
7549,-266
7550,-266
7551,-267
7552,-269
7553,-269
7554,-270
7555,-270
7556,-271
7557,-272
7558,-273
7559,-273
7560,-273
7561,-275
7562,-275
7563,-275
7564,-275
7565,-275
7566,-276
7567,-276
7568,-276
7569,-277
7570,-278
7571,-278
7572,-279
7573,-279
7574,-279
7575,-280
7576,-280
7577,-281
7578,-281
7579,-281
7580,-282
7581,-282
7582,-283
7583,-283
7584,-284
7585,-284
7586,-284
7587,-284
7588,-285
7589,-285
7590,-285
7591,-286
7592,-286
7593,-286
7594,-286
7595,-287
7596,-289
7597,-290
7598,-291
7599,-291
7600,-291
7601,-291
7602,-292
7603,-292
7604,-292
7605,-292
7606,-292
7607,-293
7608,-293
7609,-294
7610,-295
7611,-296
7612,-296
7613,-297
7614,-297
7615,-298
7616,-298
7617,-298
7618,-298
7619,-298
7620,-299
7621,-299
7622,-299
7623,-300
7624,-301
7625,-302
7626,-302
7627,-302
7628,-302
7629,-304
7630,-304
7631,-304
7632,-305
7633,-306
7634,-306
7635,-306
7636,-306
7637,-308
7638,-308
7639,-308
7640,-309
7641,-310
7642,-310
7643,-310
7644,-310
7645,-311
7646,-311
7647,-312
7648,-312
7649,-314
7650,-314
7651,-315
7652,-317
7653,-318
7654,-318
7655,-318
7656,-319
7657,-320
7658,-321
7659,-321
7660,-322
7661,-322
7662,-322
7663,-322
7664,-322
7665,-322
7666,-323
7667,-323
7668,-323
7669,-323
7670,-324
7671,-324
7672,-325
7673,-325
7674,-325
7675,-326
7676,-326
7677,-327
7678,-327
7679,-327
7680,-328
7681,-328
7682,-328
7683,-328
7684,-330
7685,-330
7686,-331
7687,-331
7688,-331
7689,-331
7690,-332
7691,-333
7692,-333
7693,-334
7694,-335
7695,-336
7696,-337
7697,-337
7698,-337
7699,-337
7700,-338
7701,-339
7702,-340
7703,-340
7704,-340
7705,-340
7706,-340
7707,-340
7708,-341
7709,-342
7710,-343
7711,-343
7712,-343
7713,-343
7714,-343
7715,-344
7716,-344
7717,-344
7718,-344
7719,-345
7720,-345
7721,-346
7722,-347
7723,-347
7724,-347
7725,-347
7726,-347
7727,-348
7728,-348
7729,-349
7730,-349
7731,-350
7732,-351
7733,-352
7734,-352
7735,-353
7736,-353
7737,-353
7738,-353
7739,-353
7740,-355
7741,-355
7742,-357
7743,-357
7744,-357
7745,-358
7746,-358
7747,-358
7748,-361
7749,-361
7750,-362
7751,-363
7752,-363
7753,-363
7754,-363
7755,-363
7756,-364
7757,-364
7758,-364
7759,-364
7760,-365
7761,-365
7762,-365
7763,-368
7764,-369
7765,-369
7766,-370
7767,-370
7768,-371
7769,-371
7770,-371
7771,-372
7772,-373
7773,-373
7774,-373
7775,-373
7776,-376
7777,-376
7778,-377
7779,-377
7780,-377
7781,-377
7782,-378
7783,-378
7784,-378
7785,-379
7786,-380
7787,-380
7788,-381
7789,-381
7790,-382
7791,-382
7792,-382
7793,-382
7794,-383
7795,-384
7796,-385
7797,-386
7798,-386
7799,-386
7800,-387
7801,-389
7802,-389
7803,-390
7804,-390
7805,-391
7806,-391
7807,-391
7808,-391
7809,-392
7810,-392
7811,-392
7812,-392
7813,-393
7814,-394
7815,-396
7816,-397
7817,-397
7818,-398
7819,-398
7820,-398
7821,-399
7822,-399
7823,-400
7824,-401
7825,-401
7826,-402
7827,-403
7828,-403
7829,-403
7830,-404
7831,-405
7832,-405
7833,-405
7834,-405
7835,-406
7836,-407
7837,-408
7838,-409
7839,-409
7840,-411
7841,-412
7842,-412
7843,-413
7844,-413
7845,-413
7846,-414
7847,-414
7848,-414
7849,-414
7850,-415
7851,-415
7852,-416
7853,-416
7854,-417
7855,-420
7856,-420
7857,-420
7858,-421
7859,-421
7860,-421
7861,-422
7862,-423
7863,-424
7864,-425
7865,-425
7866,-426
7867,-426
7868,-427
7869,-428
7870,-428
7871,-428
7872,-429
7873,-430
7874,-430
7875,-431
7876,-432
7877,-433
7878,-434
7879,-434
7880,-435
7881,-435
7882,-435
7883,-435
7884,-435
7885,-435
7886,-437
7887,-437
7888,-437
7889,-438
7890,-438
7891,-438
7892,-438
7893,-440
7894,-440
7895,-440
7896,-441
7897,-441
7898,-443
7899,-444
7900,-445
7901,-445
7902,-446
7903,-446
7904,-447
7905,-447
7906,-447
7907,-448
7908,-449
7909,-449
7910,-449
7911,-452
7912,-452
7913,-453
7914,-453
7915,-454
7916,-455
7917,-455
7918,-455
7919,-456
7920,-456
7921,-457
7922,-458
7923,-459
7924,-460
7925,-460
7926,-460
7927,-460
7928,-460
7929,-462
7930,-462
7931,-463
7932,-463
7933,-464
7934,-464
7935,-465
7936,-465
7937,-465
7938,-465
7939,-467
7940,-468
7941,-468
7942,-470
7943,-470
7944,-471
7945,-474
7946,-474
7947,-475
7948,-476
7949,-478
7950,-478
7951,-479
7952,-479
7953,-479
7954,-480
7955,-480
7956,-480
7957,-481
7958,-481
7959,-482
7960,-483
7961,-484
7962,-484
7963,-485
7964,-485
7965,-485
7966,-487
7967,-487
7968,-488
7969,-488
7970,-488
7971,-489
7972,-490
7973,-490
7974,-490
7975,-490
7976,-491
7977,-491
7978,-492
7979,-492
7980,-493
7981,-496
7982,-497
7983,-499
7984,-500
7985,-501
7986,-502
7987,-502
7988,-502
7989,-503
7990,-503
7991,-503
7992,-503
7993,-503
7994,-504
7995,-504
7996,-504
7997,-506
7998,-506
7999,-508
8000,-508
8001,-508
8002,-509
8003,-510
8004,-511
8005,-511
8006,-511
8007,-512
8008,-512
8009,-512
8010,-513
8011,-514
8012,-514
8013,-515
8014,-515
8015,-516
8016,-517
8017,-518
8018,-519
8019,-519
8020,-519
8021,-521
8022,-522
8023,-525
8024,-525
8025,-525
8026,-526
8027,-526
8028,-527
8029,-528
8030,-529
8031,-529
8032,-529
8033,-531
8034,-532
8035,-532
8036,-533
8037,-533
8038,-534
8039,-534
8040,-534
8041,-535
8042,-539
8043,-540
8044,-541
8045,-541
8046,-541
8047,-542
8048,-542
8049,-543
8050,-545
8051,-549
8052,-549
8053,-551
8054,-552
8055,-552
8056,-553
8057,-554
8058,-554
8059,-556
8060,-556
8061,-558
8062,-559
8063,-559
8064,-559
8065,-559
8066,-560
8067,-562
8068,-563
8069,-563
8070,-563
8071,-564
8072,-565
8073,-566
8074,-566
8075,-566
8076,-566
8077,-567
8078,-567
8079,-569
8080,-569
8081,-570
8082,-570
8083,-571
8084,-573
8085,-575
8086,-575
8087,-576
8088,-577
8089,-577
8090,-577
8091,-577
8092,-578
8093,-578
8094,-578
8095,-578
8096,-579
8097,-580
8098,-580
8099,-581
8100,-581
8101,-584
8102,-586
8103,-586
8104,-589
8105,-589
8106,-590
8107,-590
8108,-592
8109,-592
8110,-593
8111,-593
8112,-594
8113,-594
8114,-594
8115,-596
8116,-597
8117,-597
8118,-598
8119,-599
8120,-601
8121,-602
8122,-602
8123,-602
8124,-603
8125,-604
8126,-606
8127,-607
8128,-608
8129,-610
8130,-610
8131,-611
8132,-613
8133,-614
8134,-615
8135,-616
8136,-618
8137,-618
8138,-620
8139,-622
8140,-622
8141,-623
8142,-624
8143,-624
8144,-624
8145,-626
8146,-629
8147,-629
8148,-629
8149,-630
8150,-631
8151,-631
8152,-631
8153,-632
8154,-632
8155,-634
8156,-639
8157,-640
8158,-640
8159,-640
8160,-641
8161,-642
8162,-642
8163,-643
8164,-645
8165,-646
8166,-646
8167,-649
8168,-649
8169,-651
8170,-651
8171,-651
8172,-652
8173,-654
8174,-654
8175,-655
8176,-657
8177,-657
8178,-658
8179,-658
8180,-659
8181,-659
8182,-659
8183,-661
8184,-661
8185,-662
8186,-665
8187,-667
8188,-667
8189,-669
8190,-669
8191,-669
8192,-670
8193,-674
8194,-674
8195,-675
8196,-675
8197,-675
8198,-675
8199,-675
8200,-677
8201,-678
8202,-678
8203,-678
8204,-683
8205,-685
8206,-686
8207,-688
8208,-688
8209,-688
8210,-690
8211,-690
8212,-692
8213,-693
8214,-693
8215,-693
8216,-693
8217,-694
8218,-695
8219,-696
8220,-697
8221,-698
8222,-701
8223,-702
8224,-702
8225,-703
8226,-709
8227,-710
8228,-710
8229,-712
8230,-712
8231,-713
8232,-713
8233,-713
8234,-715
8235,-717
8236,-717
8237,-718
8238,-719
8239,-721
8240,-721
8241,-722
8242,-722
8243,-723
8244,-724
8245,-724
8246,-725
8247,-726
8248,-727
8249,-727
8250,-728
8251,-729
8252,-729
8253,-729
8254,-730
8255,-734
8256,-735
8257,-735
8258,-735
8259,-736
8260,-737
8261,-737
8262,-738
8263,-739
8264,-739
8265,-743
8266,-746
8267,-748
8268,-749
8269,-749
8270,-749
8271,-751
8272,-751
8273,-752
8274,-752
8275,-752
8276,-755
8277,-756
8278,-756
8279,-758
8280,-759
8281,-759
8282,-759
8283,-759
8284,-761
8285,-762
8286,-762
8287,-762
8288,-766
8289,-766
8290,-767
8291,-768
8292,-769
8293,-771
8294,-774
8295,-774
8296,-774
8297,-776
8298,-777
8299,-777
8300,-777
8301,-779
8302,-780
8303,-782
8304,-782
8305,-784
8306,-788
8307,-789
8308,-789
8309,-792
8310,-792
8311,-792
8312,-793
8313,-794
8314,-796
8315,-797
8316,-799
8317,-799
8318,-800
8319,-802
8320,-804
8321,-805
8322,-806
8323,-806
8324,-806
8325,-807
8326,-807
8327,-807
8328,-809
8329,-811
8330,-813
8331,-815
8332,-816
8333,-816
8334,-817
8335,-819
8336,-821
8337,-821
8338,-822
8339,-822
8340,-822
8341,-823
8342,-826
8343,-826
8344,-826
8345,-828
8346,-828
8347,-829
8348,-830
8349,-830
8350,-831
8351,-833
8352,-833
8353,-834
8354,-839
8355,-840
8356,-840
8357,-840
8358,-841
8359,-842
8360,-842
8361,-842
8362,-845
8363,-846
8364,-846
8365,-847
8366,-848
8367,-850
8368,-850
8369,-850
8370,-851
8371,-852
8372,-853
8373,-853
8374,-853
8375,-854
8376,-854
8377,-856
8378,-856
8379,-857
8380,-858
8381,-860
8382,-860
8383,-861
8384,-862
8385,-862
8386,-863
8387,-864
8388,-864
8389,-868
8390,-870
8391,-871
8392,-873
8393,-874
8394,-874
8395,-875
8396,-876
8397,-876
8398,-876
8399,-877
8400,-880
8401,-882
8402,-882
8403,-882
8404,-883
8405,-886
8406,-888
8407,-890
8408,-891
8409,-894
8410,-895
8411,-897
8412,-900
8413,-905
8414,-905
8415,-907
8416,-908
8417,-910
8418,-911
8419,-911
8420,-913
8421,-915
8422,-916
8423,-917
8424,-919
8425,-920
8426,-920
8427,-920
8428,-922
8429,-922
8430,-923
8431,-925
8432,-925
8433,-929
8434,-930
8435,-932
8436,-932
8437,-934
8438,-935
8439,-937
8440,-939
8441,-943
8442,-943
8443,-944
8444,-945
8445,-945
8446,-946
8447,-947
8448,-948
8449,-949
8450,-949
8451,-951
8452,-952
8453,-954
8454,-954
8455,-954
8456,-955
8457,-956
8458,-956
8459,-957
8460,-958
8461,-959
8462,-959
8463,-960
8464,-960
8465,-960
8466,-960
8467,-961
8468,-963
8469,-967
8470,-968
8471,-969
8472,-969
8473,-970
8474,-971
8475,-972
8476,-973
8477,-973
8478,-974
8479,-974
8480,-976
8481,-979
8482,-982
8483,-983
8484,-985
8485,-986
8486,-987
8487,-988
8488,-990
8489,-991
8490,-997
8491,-1003
8492,-1005
8493,-1009
8494,-1010
8495,-1012
8496,-1014
8497,-1015
8498,-1020
8499,-1023
8500,-1024
8501,-1024
8502,-1025
8503,-1032
8504,-1032
8505,-1033
8506,-1036
8507,-1036
8508,-1038
8509,-1039
8510,-1039
8511,-1043
8512,-1043
8513,-1043
8514,-1045
8515,-1051
8516,-1051
8517,-1053
8518,-1056
8519,-1057
8520,-1057
8521,-1066
8522,-1066
8523,-1068
8524,-1072
8525,-1075
8526,-1077
8527,-1081
8528,-1083
8529,-1083
8530,-1083
8531,-1084
8532,-1084
8533,-1085
8534,-1088
8535,-1094
8536,-1102
8537,-1108
8538,-1114
8539,-1115
8540,-1117
8541,-1119
8542,-1123
8543,-1131
8544,-1131
8545,-1134
8546,-1135
8547,-1144
8548,-1144
8549,-1146
8550,-1147
8551,-1148
8552,-1150
8553,-1154
8554,-1155
8555,-1157
8556,-1164
8557,-1164
8558,-1164
8559,-1165
8560,-1166
8561,-1168
8562,-1169
8563,-1170
8564,-1172
8565,-1172
8566,-1176
8567,-1176
8568,-1176
8569,-1180
8570,-1180
8571,-1184
8572,-1186
8573,-1186
8574,-1187
8575,-1188
8576,-1191
8577,-1191
8578,-1194
8579,-1194
8580,-1196
8581,-1206
8582,-1207
8583,-1207
8584,-1208
8585,-1209
8586,-1210
8587,-1211
8588,-1215
8589,-1217
8590,-1221
8591,-1222
8592,-1228
8593,-1229
8594,-1230
8595,-1236
8596,-1242
8597,-1244
8598,-1244
8599,-1247
8600,-1251
8601,-1252
8602,-1252
8603,-1253
8604,-1253
8605,-1255
8606,-1260
8607,-1265
8608,-1266
8609,-1270
8610,-1270
8611,-1274
8612,-1274
8613,-1276
8614,-1278
8615,-1289
8616,-1290
8617,-1293
8618,-1294
8619,-1295
8620,-1298
8621,-1298
8622,-1302
8623,-1305
8624,-1316
8625,-1327
8626,-1350
8627,-1354
8628,-1355
8629,-1357
8630,-1358
8631,-1358
8632,-1361
8633,-1378
8634,-1381
8635,-1383
8636,-1389
8637,-1389
8638,-1399
8639,-1409
8640,-1415
8641,-1416
8642,-1418
8643,-1419
8644,-1420
8645,-1421
8646,-1425
8647,-1426
8648,-1426
8649,-1427
8650,-1429
8651,-1438
8652,-1445
8653,-1452
8654,-1455
8655,-1455
8656,-1458
8657,-1460
8658,-1469
8659,-1471
8660,-1472
8661,-1472
8662,-1473
8663,-1477
8664,-1478
8665,-1485
8666,-1491
8667,-1491
8668,-1493
8669,-1494
8670,-1496
8671,-1498
8672,-1499
8673,-1514
8674,-1518
8675,-1522
8676,-1522
8677,-1524
8678,-1525
8679,-1525
8680,-1531
8681,-1531
8682,-1534
8683,-1535
8684,-1536
8685,-1538
8686,-1539
8687,-1547
8688,-1555
8689,-1561
8690,-1564
8691,-1580
8692,-1586
8693,-1587
8694,-1588
8695,-1589
8696,-1592
8697,-1592
8698,-1598
8699,-1606
8700,-1610
8701,-1611
8702,-1625
8703,-1636
8704,-1641
8705,-1647
8706,-1668
8707,-1673
8708,-1675
8709,-1676
8710,-1687
8711,-1692
8712,-1700
8713,-1701
8714,-1713
8715,-1735
8716,-1739
8717,-1741
8718,-1748
8719,-1748
8720,-1750
8721,-1752
8722,-1759
8723,-1764
8724,-1766
8725,-1770
8726,-1782
8727,-1792
8728,-1804
8729,-1814
8730,-1816
8731,-1817
8732,-1821
8733,-1831
8734,-1832
8735,-1863
8736,-1863
8737,-1863
8738,-1876
8739,-1897
8740,-1929
8741,-1956
8742,-1976
8743,-2000
8744,-2008
8745,-2039
8746,-2040
8747,-2056
8748,-2067
8749,-2093
8750,-2099
8751,-2138
8752,-2173
8753,-2267
8754,-2273
8755,-2284
8756,-2399
8757,-2534
8758,-2606
8759,-2612
8760,-2802
